﻿<?xml version="1.0" encoding="utf-8"?>
<Content action="Create" version="0.56.1" lang="en-US" currency="USD" UOMS="Metric">
  <Catalog code="Leisure">
    <Description><![CDATA[Leisure]]></Description>
    <Version major="1" minor="0" />
    <Company code="2020" type="Manufacturer">
      <Name><![CDATA[2020 India]]></Name>
      <Address>
        <Address1><![CDATA[2020 INTERIOR DESIGN SOFTWARE (INDIA) PVT LTD]]></Address1>
        <Address2><![CDATA[201, KAPIL ZENITH,]]></Address2>
        <Address3><![CDATA[NEAR CHANDANI CHOWK, BAVDHAN-KHURD,]]></Address3>
        <City><![CDATA[Pune]]></City>
        <State><![CDATA[Maharashtra]]></State>
        <PostalCode><![CDATA[411021]]></PostalCode>
        <Country><![CDATA[India]]></Country>
        <Phone><![CDATA[020 - 6654 2020]]></Phone>
        <Email><![CDATA[2020Spaces.com]]></Email>
        <Website><![CDATA[2020Spaces.com]]></Website>
      </Address>
    </Company>
    <Metadata code="Product.HasGraphic" value="true" />
    <PriceList code="Default" currency="USD">
      <PriceRule code="Product" sequence="10" rank="10" maxSequence="10" calcType="Amount">
        <Description><![CDATA[Product simple pricing]]></Description>
        <KeySource type="Product" />
        <PriceTag rank="10" value="2000">
          <Key codeRef="CK90C230C" />
        </PriceTag>
        <PriceTag rank="10" value="2000">
          <Key codeRef="CK90C230K" />
        </PriceTag>
        <PriceTag rank="10" value="2000">
          <Key codeRef="CK90C230S" />
        </PriceTag>
        <PriceTag rank="10" value="2000">
          <Key codeRef="CK90F232B" />
        </PriceTag>
        <PriceTag rank="10" value="2000">
          <Key codeRef="CK90F232C" />
        </PriceTag>
        <PriceTag rank="10" value="1500">
          <Key codeRef="CK90F232K" />
        </PriceTag>
        <PriceTag rank="10" value="1500">
          <Key codeRef="CK90F232R" />
        </PriceTag>
        <PriceTag rank="10" value="1500">
          <Key codeRef="CK90F232S" />
        </PriceTag>
        <PriceTag rank="10" value="1500">
          <Key codeRef="CK90G232C" />
        </PriceTag>
        <PriceTag rank="10" value="1500">
          <Key codeRef="CK90G232K" />
        </PriceTag>
        <PriceTag rank="10" value="1500">
          <Key codeRef="CS90C530K" />
        </PriceTag>
        <PriceTag rank="10" value="1500">
          <Key codeRef="CS90C530X" />
        </PriceTag>
        <PriceTag rank="10" value="1450">
          <Key codeRef="CS90F530K" />
        </PriceTag>
        <PriceTag rank="10" value="1450">
          <Key codeRef="CS90F530X" />
        </PriceTag>
        <PriceTag rank="10" value="1900">
          <Key codeRef="CK100C210C" />
        </PriceTag>
        <PriceTag rank="10" value="1900">
          <Key codeRef="CK100C210K" />
        </PriceTag>
        <PriceTag rank="10" value="1900">
          <Key codeRef="CK100C210R" />
        </PriceTag>
        <PriceTag rank="10" value="1450">
          <Key codeRef="CK100C210S" />
        </PriceTag>
        <PriceTag rank="10" value="1450">
          <Key codeRef="CK100C210X" />
        </PriceTag>
        <PriceTag rank="10" value="1450">
          <Key codeRef="CK100F232B" />
        </PriceTag>
        <PriceTag rank="10" value="1450">
          <Key codeRef="CK100F232C" />
        </PriceTag>
        <PriceTag rank="10" value="1450">
          <Key codeRef="CK100F232K" />
        </PriceTag>
        <PriceTag rank="10" value="1450">
          <Key codeRef="CK100F232R" />
        </PriceTag>
        <PriceTag rank="10" value="1450">
          <Key codeRef="CK100F232S" />
        </PriceTag>
        <PriceTag rank="10" value="1450">
          <Key codeRef="CK100G232C" />
        </PriceTag>
        <PriceTag rank="10" value="1450">
          <Key codeRef="CK100G232K" />
        </PriceTag>
        <PriceTag rank="10" value="1450">
          <Key codeRef="CS100F520K" />
        </PriceTag>
        <PriceTag rank="10" value="1450">
          <Key codeRef="CS100F520X" />
        </PriceTag>
        <PriceTag rank="10" value="1450">
          <Key codeRef="CK110F232C" />
        </PriceTag>
        <PriceTag rank="10" value="1500">
          <Key codeRef="CK110F232K" />
        </PriceTag>
        <PriceTag rank="10" value="1500">
          <Key codeRef="CK110F232S" />
        </PriceTag>
        <PriceTag rank="10" value="1450">
          <Key codeRef="CS110F722K" />
        </PriceTag>
        <PriceTag rank="10" value="1450">
          <Key codeRef="CS110F722X" />
        </PriceTag>
      </PriceRule>
    </PriceList>
    <Product code="CK100C210C" SKU="CK100C210C" itemType="Kitchen.Appliance.Range.Electric">
      <Name lang="en-US"><![CDATA[ApplianceCK100C210C]]></Name>
      <ShortDescription lang="en-US"><![CDATA[SD-This is a range cooker CK100C210C]]></ShortDescription>
      <Description lang="en-US"><![CDATA[100cm Cookmaster electric range cooker - Cream]]></Description>
      <LongDescription lang="en-US"><![CDATA[LD-100cm Cookmaster electric range cooker - Cream]]></LongDescription>
      <Multimedia type="Info" lang="en-US"><![CDATA[http://Lesiurecooker.co.uk/Item/CK100C210]]></Multimedia>
      <Multimedia type="SmallImage" lang="en-US"><![CDATA[ItemImages\546408e982654b64a5770731ee018c5a\9d10e7d2b8f14934b004883e2297f2fb\ThumbnailSmallCK100C210C.jpg]]></Multimedia>
      <Multimedia type="MediumImage" lang="en-US"><![CDATA[ItemImages\546408e982654b64a5770731ee018c5a\9d10e7d2b8f14934b004883e2297f2fb\ThumbnailMediumCK100C210C.jpg]]></Multimedia>
      <Multimedia type="LargeImage" lang="en-US"><![CDATA[ItemImages\546408e982654b64a5770731ee018c5a\9d10e7d2b8f14934b004883e2297f2fb\ThumbnailLargeCK100C210C.jpg]]></Multimedia>
      <Metadata code="Product.HasGraphic" value="true" />
      <Property code="W">80000</Property>
      <Property code="H">72000</Property>
      <Property code="D">48000</Property>
      <Property code="SourceModelRef">Leisure/CK100C210C.axs</Property>
      <AssetCode code="3DFull"><![CDATA[546408e982654b64a5770731ee018c5a.9d10e7d2b8f14934b004883e2297f2fb.CK100C210C]]></AssetCode>
      <CustomData><![CDATA[<xml>
  <Properties>
    <W>80000</W>
    <H>72000</H>
    <D>48000</D>
    <SourceModelRef>Leisure/CK100C210C.axs</SourceModelRef>
  </Properties>
</xml>]]></CustomData>
    </Product>
    <Product code="CK100C210K" SKU="CK100C210K" itemType="Kitchen.Appliance.Range.Electric">
      <Name lang="en-US"><![CDATA[ApplianceCK100C210K]]></Name>
      <ShortDescription lang="en-US"><![CDATA[SD-This is a range cooker CK100C210K]]></ShortDescription>
      <Description lang="en-US"><![CDATA[100cm Cookmaster electric range cooker - Black]]></Description>
      <LongDescription lang="en-US"><![CDATA[LD-100cm Cookmaster electric range cooker - Black]]></LongDescription>
      <Multimedia type="Info" lang="en-US"><![CDATA[http://Lesiurecooker.co.uk/Item/CK100C210]]></Multimedia>
      <Multimedia type="SmallImage" lang="en-US"><![CDATA[ItemImages\546408e982654b64a5770731ee018c5a\ff405c8003394205b7f23ebb32f452f3\ThumbnailSmallCK100C210K.jpg]]></Multimedia>
      <Multimedia type="MediumImage" lang="en-US"><![CDATA[ItemImages\546408e982654b64a5770731ee018c5a\ff405c8003394205b7f23ebb32f452f3\ThumbnailMediumCK100C210K.jpg]]></Multimedia>
      <Multimedia type="LargeImage" lang="en-US"><![CDATA[ItemImages\546408e982654b64a5770731ee018c5a\ff405c8003394205b7f23ebb32f452f3\ThumbnailLargeCK100C210K.jpg]]></Multimedia>
      <Metadata code="Product.HasGraphic" value="true" />
      <Property code="W">80000</Property>
      <Property code="H">72000</Property>
      <Property code="D">48000</Property>
      <Property code="SourceModelRef">Leisure/CK100C210K.axs</Property>
      <AssetCode code="3DFull"><![CDATA[546408e982654b64a5770731ee018c5a.ff405c8003394205b7f23ebb32f452f3.CK100C210K]]></AssetCode>
      <CustomData><![CDATA[<xml>
  <Properties>
    <W>80000</W>
    <H>72000</H>
    <D>48000</D>
    <SourceModelRef>Leisure/CK100C210K.axs</SourceModelRef>
  </Properties>
</xml>]]></CustomData>
    </Product>
    <Product code="CK100C210R" SKU="CK100C210R" itemType="Kitchen.Appliance.Range.Electric">
      <Name lang="en-US"><![CDATA[ApplianceCK100C210R]]></Name>
      <ShortDescription lang="en-US"><![CDATA[SD-This is a range cooker CK100C210R]]></ShortDescription>
      <Description lang="en-US"><![CDATA[100cm Cookmaster electric range cooker - Red]]></Description>
      <LongDescription lang="en-US"><![CDATA[LD-100cm Cookmaster electric range cooker - Red]]></LongDescription>
      <Multimedia type="Info" lang="en-US"><![CDATA[http://Lesiurecooker.co.uk/Item/CK100C210]]></Multimedia>
      <Multimedia type="SmallImage" lang="en-US"><![CDATA[ItemImages\546408e982654b64a5770731ee018c5a\89d10abd6dc34e55b171427c5d5e615b\ThumbnailSmallCK100C210R.jpg]]></Multimedia>
      <Multimedia type="MediumImage" lang="en-US"><![CDATA[ItemImages\546408e982654b64a5770731ee018c5a\89d10abd6dc34e55b171427c5d5e615b\ThumbnailMediumCK100C210R.jpg]]></Multimedia>
      <Multimedia type="LargeImage" lang="en-US"><![CDATA[ItemImages\546408e982654b64a5770731ee018c5a\89d10abd6dc34e55b171427c5d5e615b\ThumbnailLargeCK100C210R.jpg]]></Multimedia>
      <Metadata code="Product.HasGraphic" value="true" />
      <Property code="W">80000</Property>
      <Property code="H">72000</Property>
      <Property code="D">48000</Property>
      <Property code="SourceModelRef">Leisure/CK100C210R.axs</Property>
      <AssetCode code="3DFull"><![CDATA[546408e982654b64a5770731ee018c5a.89d10abd6dc34e55b171427c5d5e615b.CK100C210R]]></AssetCode>
      <CustomData><![CDATA[<xml>
  <Properties>
    <W>80000</W>
    <H>72000</H>
    <D>48000</D>
    <SourceModelRef>Leisure/CK100C210R.axs</SourceModelRef>
  </Properties>
</xml>]]></CustomData>
    </Product>
    <Product code="CK100C210S" SKU="CK100C210S" itemType="Kitchen.Appliance.Range.Electric">
      <Name lang="en-US"><![CDATA[ApplianceCK100C210S]]></Name>
      <ShortDescription lang="en-US"><![CDATA[SD-This is a range cooker CK100C210S]]></ShortDescription>
      <Description lang="en-US"><![CDATA[100cm Cookmaster electric range cooker - Silver]]></Description>
      <LongDescription lang="en-US"><![CDATA[LD-100cm Cookmaster electric range cooker - Silver]]></LongDescription>
      <Multimedia type="Info" lang="en-US"><![CDATA[http://Lesiurecooker.co.uk/Item/CK100C210]]></Multimedia>
      <Multimedia type="SmallImage" lang="en-US"><![CDATA[ItemImages\546408e982654b64a5770731ee018c5a\aa98d4981933448c9ade392f4cdd37cb\ThumbnailSmallCK100C210S.jpg]]></Multimedia>
      <Multimedia type="MediumImage" lang="en-US"><![CDATA[ItemImages\546408e982654b64a5770731ee018c5a\aa98d4981933448c9ade392f4cdd37cb\ThumbnailMediumCK100C210S.jpg]]></Multimedia>
      <Multimedia type="LargeImage" lang="en-US"><![CDATA[ItemImages\546408e982654b64a5770731ee018c5a\aa98d4981933448c9ade392f4cdd37cb\ThumbnailLargeCK100C210S.jpg]]></Multimedia>
      <Metadata code="Product.HasGraphic" value="true" />
      <Property code="W">80000</Property>
      <Property code="H">72000</Property>
      <Property code="D">48000</Property>
      <Property code="SourceModelRef">Leisure/CK100C210S.axs</Property>
      <AssetCode code="3DFull"><![CDATA[546408e982654b64a5770731ee018c5a.aa98d4981933448c9ade392f4cdd37cb.CK100C210S]]></AssetCode>
      <CustomData><![CDATA[<xml>
  <Properties>
    <W>80000</W>
    <H>72000</H>
    <D>48000</D>
    <SourceModelRef>Leisure/CK100C210S.axs</SourceModelRef>
  </Properties>
</xml>]]></CustomData>
    </Product>
    <Product code="CK100C210X" SKU="CK100C210X" itemType="Kitchen.Appliance.Range.Electric">
      <Name lang="en-US"><![CDATA[ApplianceCK100C210X]]></Name>
      <ShortDescription lang="en-US"><![CDATA[SD-This is a range cooker CK100C210X]]></ShortDescription>
      <Description lang="en-US"><![CDATA[100cm Cookmaster electric range cooker - Stainless steel]]></Description>
      <LongDescription lang="en-US"><![CDATA[LD-100cm Cookmaster electric range cooker - Stainless steel]]></LongDescription>
      <Multimedia type="Info" lang="en-US"><![CDATA[http://Lesiurecooker.co.uk/Item/CK100C210]]></Multimedia>
      <Multimedia type="SmallImage" lang="en-US"><![CDATA[ItemImages\546408e982654b64a5770731ee018c5a\7e96d6cc3d824e359c4a2bd2b8d77363\ThumbnailSmallCK100C210X.jpg]]></Multimedia>
      <Multimedia type="MediumImage" lang="en-US"><![CDATA[ItemImages\546408e982654b64a5770731ee018c5a\7e96d6cc3d824e359c4a2bd2b8d77363\ThumbnailMediumCK100C210X.jpg]]></Multimedia>
      <Multimedia type="LargeImage" lang="en-US"><![CDATA[ItemImages\546408e982654b64a5770731ee018c5a\7e96d6cc3d824e359c4a2bd2b8d77363\ThumbnailLargeCK100C210X.jpg]]></Multimedia>
      <Metadata code="Product.HasGraphic" value="true" />
      <Property code="W">80000</Property>
      <Property code="H">72000</Property>
      <Property code="D">48000</Property>
      <Property code="SourceModelRef">Leisure/CK100C210X.axs</Property>
      <AssetCode code="3DFull"><![CDATA[546408e982654b64a5770731ee018c5a.7e96d6cc3d824e359c4a2bd2b8d77363.CK100C210X]]></AssetCode>
      <CustomData><![CDATA[<xml>
  <Properties>
    <W>80000</W>
    <H>72000</H>
    <D>48000</D>
    <SourceModelRef>Leisure/CK100C210X.axs</SourceModelRef>
  </Properties>
</xml>]]></CustomData>
    </Product>
    <Product code="CK100F232B" SKU="CK100F232B" itemType="Kitchen.Appliance.Range.Gas">
      <Name lang="en-US"><![CDATA[ApplianceCK100F232B]]></Name>
      <ShortDescription lang="en-US"><![CDATA[SD-This is a range cooker CK100F232B]]></ShortDescription>
      <Description lang="en-US"><![CDATA[100cm Cookmaster dual fuel range cooker - Blue]]></Description>
      <LongDescription lang="en-US"><![CDATA[LD-100cm Cookmaster dual fuel range cooker - Blue]]></LongDescription>
      <Multimedia type="Info" lang="en-US"><![CDATA[http://Lesiurecooker.co.uk/Item/CK100F232]]></Multimedia>
      <Multimedia type="SmallImage" lang="en-US"><![CDATA[ItemImages\546408e982654b64a5770731ee018c5a\1a9d5f331b744b9db6997c7b5f6265a5\ThumbnailSmallCK100F232B.jpg]]></Multimedia>
      <Multimedia type="MediumImage" lang="en-US"><![CDATA[ItemImages\546408e982654b64a5770731ee018c5a\1a9d5f331b744b9db6997c7b5f6265a5\ThumbnailMediumCK100F232B.jpg]]></Multimedia>
      <Multimedia type="LargeImage" lang="en-US"><![CDATA[ItemImages\546408e982654b64a5770731ee018c5a\1a9d5f331b744b9db6997c7b5f6265a5\ThumbnailLargeCK100F232B.jpg]]></Multimedia>
      <Metadata code="Product.HasGraphic" value="true" />
      <Property code="W">80000</Property>
      <Property code="H">81600</Property>
      <Property code="D">48000</Property>
      <Property code="SourceModelRef">Leisure/CK100F232B.axs</Property>
      <AssetCode code="3DFull"><![CDATA[546408e982654b64a5770731ee018c5a.1a9d5f331b744b9db6997c7b5f6265a5.CK100F232B]]></AssetCode>
      <CustomData><![CDATA[<xml>
  <Properties>
    <W>80000</W>
    <H>81600</H>
    <D>48000</D>
    <SourceModelRef>Leisure/CK100F232B.axs</SourceModelRef>
  </Properties>
</xml>]]></CustomData>
    </Product>
    <Product code="CK100F232C" SKU="CK100F232C" itemType="Kitchen.Appliance.Range.Gas">
      <Name lang="en-US"><![CDATA[ApplianceCK100F232C]]></Name>
      <ShortDescription lang="en-US"><![CDATA[SD-This is a range cooker CK100F232C]]></ShortDescription>
      <Description lang="en-US"><![CDATA[100cm Cookmaster dual fuel range cooker - Cream]]></Description>
      <LongDescription lang="en-US"><![CDATA[LD-100cm Cookmaster dual fuel range cooker - Cream]]></LongDescription>
      <Multimedia type="Info" lang="en-US"><![CDATA[http://Lesiurecooker.co.uk/Item/CK100F232]]></Multimedia>
      <Multimedia type="SmallImage" lang="en-US"><![CDATA[ItemImages\546408e982654b64a5770731ee018c5a\adcfeb1c513e489ca5e9717c6ebcee5c\ThumbnailSmallCK100F232C.jpg]]></Multimedia>
      <Multimedia type="MediumImage" lang="en-US"><![CDATA[ItemImages\546408e982654b64a5770731ee018c5a\adcfeb1c513e489ca5e9717c6ebcee5c\ThumbnailMediumCK100F232C.jpg]]></Multimedia>
      <Multimedia type="LargeImage" lang="en-US"><![CDATA[ItemImages\546408e982654b64a5770731ee018c5a\adcfeb1c513e489ca5e9717c6ebcee5c\ThumbnailLargeCK100F232C.jpg]]></Multimedia>
      <Metadata code="Product.HasGraphic" value="true" />
      <Property code="W">80000</Property>
      <Property code="H">81600</Property>
      <Property code="D">48000</Property>
      <Property code="SourceModelRef">Leisure/CK100F232C.axs</Property>
      <AssetCode code="3DFull"><![CDATA[546408e982654b64a5770731ee018c5a.adcfeb1c513e489ca5e9717c6ebcee5c.CK100F232C]]></AssetCode>
      <CustomData><![CDATA[<xml>
  <Properties>
    <W>80000</W>
    <H>81600</H>
    <D>48000</D>
    <SourceModelRef>Leisure/CK100F232C.axs</SourceModelRef>
  </Properties>
</xml>]]></CustomData>
    </Product>
    <Product code="CK100F232K" SKU="CK100F232K" itemType="Kitchen.Appliance.Range.Gas">
      <Name lang="en-US"><![CDATA[ApplianceCK100F232K]]></Name>
      <ShortDescription lang="en-US"><![CDATA[SD-This is a range cooker CK100F232K]]></ShortDescription>
      <Description lang="en-US"><![CDATA[100cm Cookmaster dual fuel range cooker - Black]]></Description>
      <LongDescription lang="en-US"><![CDATA[LD-100cm Cookmaster dual fuel range cooker - Black]]></LongDescription>
      <Multimedia type="Info" lang="en-US"><![CDATA[http://Lesiurecooker.co.uk/Item/CK100F232]]></Multimedia>
      <Multimedia type="SmallImage" lang="en-US"><![CDATA[ItemImages\546408e982654b64a5770731ee018c5a\0edd979390474486bf993415bf946f93\ThumbnailSmallCK100F232K.jpg]]></Multimedia>
      <Multimedia type="MediumImage" lang="en-US"><![CDATA[ItemImages\546408e982654b64a5770731ee018c5a\0edd979390474486bf993415bf946f93\ThumbnailMediumCK100F232K.jpg]]></Multimedia>
      <Multimedia type="LargeImage" lang="en-US"><![CDATA[ItemImages\546408e982654b64a5770731ee018c5a\0edd979390474486bf993415bf946f93\ThumbnailLargeCK100F232K.jpg]]></Multimedia>
      <Metadata code="Product.HasGraphic" value="true" />
      <Property code="W">80000</Property>
      <Property code="H">81600</Property>
      <Property code="D">48000</Property>
      <Property code="SourceModelRef">Leisure/CK100F232K.axs</Property>
      <AssetCode code="3DFull"><![CDATA[546408e982654b64a5770731ee018c5a.0edd979390474486bf993415bf946f93.CK100F232K]]></AssetCode>
      <CustomData><![CDATA[<xml>
  <Properties>
    <W>80000</W>
    <H>81600</H>
    <D>48000</D>
    <SourceModelRef>Leisure/CK100F232K.axs</SourceModelRef>
  </Properties>
</xml>]]></CustomData>
    </Product>
    <Product code="CK100F232R" SKU="CK100F232R" itemType="Kitchen.Appliance.Range.Gas">
      <Name lang="en-US"><![CDATA[ApplianceCK100F232R]]></Name>
      <ShortDescription lang="en-US"><![CDATA[SD-This is a range cooker CK100F232R]]></ShortDescription>
      <Description lang="en-US"><![CDATA[100cm Cookmaster dual fuel range cooker - Red]]></Description>
      <LongDescription lang="en-US"><![CDATA[LD-100cm Cookmaster dual fuel range cooker - Red]]></LongDescription>
      <Multimedia type="Info" lang="en-US"><![CDATA[http://Lesiurecooker.co.uk/Item/CK100F232]]></Multimedia>
      <Multimedia type="SmallImage" lang="en-US"><![CDATA[ItemImages\546408e982654b64a5770731ee018c5a\f5027d89cf9844008133355801ba65aa\ThumbnailSmallCK100F232R.jpg]]></Multimedia>
      <Multimedia type="MediumImage" lang="en-US"><![CDATA[ItemImages\546408e982654b64a5770731ee018c5a\f5027d89cf9844008133355801ba65aa\ThumbnailMediumCK100F232R.jpg]]></Multimedia>
      <Multimedia type="LargeImage" lang="en-US"><![CDATA[ItemImages\546408e982654b64a5770731ee018c5a\f5027d89cf9844008133355801ba65aa\ThumbnailLargeCK100F232R.jpg]]></Multimedia>
      <Metadata code="Product.HasGraphic" value="true" />
      <Property code="W">80000</Property>
      <Property code="H">81600</Property>
      <Property code="D">48000</Property>
      <Property code="SourceModelRef">Leisure/CK100F232R.axs</Property>
      <AssetCode code="3DFull"><![CDATA[546408e982654b64a5770731ee018c5a.f5027d89cf9844008133355801ba65aa.CK100F232R]]></AssetCode>
      <CustomData><![CDATA[<xml>
  <Properties>
    <W>80000</W>
    <H>81600</H>
    <D>48000</D>
    <SourceModelRef>Leisure/CK100F232R.axs</SourceModelRef>
  </Properties>
</xml>]]></CustomData>
    </Product>
    <Product code="CK100F232S" SKU="CK100F232S" itemType="Kitchen.Appliance.Range.Gas">
      <Name lang="en-US"><![CDATA[ApplianceCK100F232S]]></Name>
      <ShortDescription lang="en-US"><![CDATA[SD-This is a range cooker CK100F232S]]></ShortDescription>
      <Description lang="en-US"><![CDATA[100cm Cookmaster dual fuel range cooker - Silver]]></Description>
      <LongDescription lang="en-US"><![CDATA[LD-100cm Cookmaster dual fuel range cooker - Silver]]></LongDescription>
      <Multimedia type="Info" lang="en-US"><![CDATA[http://Lesiurecooker.co.uk/Item/CK100F232]]></Multimedia>
      <Multimedia type="SmallImage" lang="en-US"><![CDATA[ItemImages\546408e982654b64a5770731ee018c5a\2dc70b9ee4af4499bfdeb1f88ecf3530\ThumbnailSmallCK100F232S.jpg]]></Multimedia>
      <Multimedia type="MediumImage" lang="en-US"><![CDATA[ItemImages\546408e982654b64a5770731ee018c5a\2dc70b9ee4af4499bfdeb1f88ecf3530\ThumbnailMediumCK100F232S.jpg]]></Multimedia>
      <Multimedia type="LargeImage" lang="en-US"><![CDATA[ItemImages\546408e982654b64a5770731ee018c5a\2dc70b9ee4af4499bfdeb1f88ecf3530\ThumbnailLargeCK100F232S.jpg]]></Multimedia>
      <Metadata code="Product.HasGraphic" value="true" />
      <Property code="W">80000</Property>
      <Property code="H">81600</Property>
      <Property code="D">48000</Property>
      <Property code="SourceModelRef">Leisure/CK100F232S.axs</Property>
      <AssetCode code="3DFull"><![CDATA[546408e982654b64a5770731ee018c5a.2dc70b9ee4af4499bfdeb1f88ecf3530.CK100F232S]]></AssetCode>
      <CustomData><![CDATA[<xml>
  <Properties>
    <W>80000</W>
    <H>81600</H>
    <D>48000</D>
    <SourceModelRef>Leisure/CK100F232S.axs</SourceModelRef>
  </Properties>
</xml>]]></CustomData>
    </Product>
    <Product code="CK100G232C" SKU="CK100G232C" itemType="Kitchen.Appliance.Range.Gas">
      <Name lang="en-US"><![CDATA[ApplianceCK100G232C]]></Name>
      <ShortDescription lang="en-US"><![CDATA[SD-This is a range cooker CK100G232C]]></ShortDescription>
      <Description lang="en-US"><![CDATA[100cm Cookmaster gas range cooker - Cream]]></Description>
      <LongDescription lang="en-US"><![CDATA[LD-100cm Cookmaster gas range cooker - Cream]]></LongDescription>
      <Multimedia type="Info" lang="en-US"><![CDATA[http://Lesiurecooker.co.uk/Item/CK100G232]]></Multimedia>
      <Multimedia type="SmallImage" lang="en-US"><![CDATA[ItemImages\546408e982654b64a5770731ee018c5a\5af19a65738a4bc2b19987a7b5034e7a\ThumbnailSmallCK100G232C.jpg]]></Multimedia>
      <Multimedia type="MediumImage" lang="en-US"><![CDATA[ItemImages\546408e982654b64a5770731ee018c5a\5af19a65738a4bc2b19987a7b5034e7a\ThumbnailMediumCK100G232C.jpg]]></Multimedia>
      <Multimedia type="LargeImage" lang="en-US"><![CDATA[ItemImages\546408e982654b64a5770731ee018c5a\5af19a65738a4bc2b19987a7b5034e7a\ThumbnailLargeCK100G232C.jpg]]></Multimedia>
      <Metadata code="Product.HasGraphic" value="true" />
      <Property code="W">80000</Property>
      <Property code="H">81600</Property>
      <Property code="D">48000</Property>
      <Property code="SourceModelRef">Leisure/CK100G232C.axs</Property>
      <AssetCode code="3DFull"><![CDATA[546408e982654b64a5770731ee018c5a.5af19a65738a4bc2b19987a7b5034e7a.CK100G232C]]></AssetCode>
      <CustomData><![CDATA[<xml>
  <Properties>
    <W>80000</W>
    <H>81600</H>
    <D>48000</D>
    <SourceModelRef>Leisure/CK100G232C.axs</SourceModelRef>
  </Properties>
</xml>]]></CustomData>
    </Product>
    <Product code="CK100G232K" SKU="CK100G232K" itemType="Kitchen.Appliance.Range.Gas">
      <Name lang="en-US"><![CDATA[ApplianceCK100G232K]]></Name>
      <ShortDescription lang="en-US"><![CDATA[SD-This is a range cooker CK100G232K]]></ShortDescription>
      <Description lang="en-US"><![CDATA[100cm Cookmaster gas range cooker - Black]]></Description>
      <LongDescription lang="en-US"><![CDATA[LD-100cm Cookmaster gas range cooker - Black]]></LongDescription>
      <Multimedia type="Info" lang="en-US"><![CDATA[http://Lesiurecooker.co.uk/Item/CK100G232]]></Multimedia>
      <Multimedia type="SmallImage" lang="en-US"><![CDATA[ItemImages\546408e982654b64a5770731ee018c5a\3acbd5bd3a5449f89cf7f905c3c4e102\ThumbnailSmallCK100G232K.jpg]]></Multimedia>
      <Multimedia type="MediumImage" lang="en-US"><![CDATA[ItemImages\546408e982654b64a5770731ee018c5a\3acbd5bd3a5449f89cf7f905c3c4e102\ThumbnailMediumCK100G232K.jpg]]></Multimedia>
      <Multimedia type="LargeImage" lang="en-US"><![CDATA[ItemImages\546408e982654b64a5770731ee018c5a\3acbd5bd3a5449f89cf7f905c3c4e102\ThumbnailLargeCK100G232K.jpg]]></Multimedia>
      <Metadata code="Product.HasGraphic" value="true" />
      <Property code="W">80000</Property>
      <Property code="H">81600</Property>
      <Property code="D">48000</Property>
      <Property code="SourceModelRef">Leisure/CK100G232K.axs</Property>
      <AssetCode code="3DFull"><![CDATA[546408e982654b64a5770731ee018c5a.3acbd5bd3a5449f89cf7f905c3c4e102.CK100G232K]]></AssetCode>
      <CustomData><![CDATA[<xml>
  <Properties>
    <W>80000</W>
    <H>81600</H>
    <D>48000</D>
    <SourceModelRef>Leisure/CK100G232K.axs</SourceModelRef>
  </Properties>
</xml>]]></CustomData>
    </Product>
    <Product code="CK110F232C" SKU="CK110F232C" itemType="Kitchen.Appliance.Range.Gas">
      <Name lang="en-US"><![CDATA[ApplianceCK110F232C]]></Name>
      <ShortDescription lang="en-US"><![CDATA[SD-This is a range cooker CK110F232C]]></ShortDescription>
      <Description lang="en-US"><![CDATA[110cm Cookmaster dual fuel range cooker - Cream]]></Description>
      <LongDescription lang="en-US"><![CDATA[LD-110cm Cookmaster dual fuel range cooker - Cream]]></LongDescription>
      <Multimedia type="Info" lang="en-US"><![CDATA[http://Lesiurecooker.co.uk/Item/CK110F232]]></Multimedia>
      <Multimedia type="SmallImage" lang="en-US"><![CDATA[ItemImages\546408e982654b64a5770731ee018c5a\a7a190e097344e1f85a0394df752d62a\ThumbnailSmallCK110F232C.jpg]]></Multimedia>
      <Multimedia type="MediumImage" lang="en-US"><![CDATA[ItemImages\546408e982654b64a5770731ee018c5a\a7a190e097344e1f85a0394df752d62a\ThumbnailMediumCK110F232C.jpg]]></Multimedia>
      <Multimedia type="LargeImage" lang="en-US"><![CDATA[ItemImages\546408e982654b64a5770731ee018c5a\a7a190e097344e1f85a0394df752d62a\ThumbnailLargeCK110F232C.jpg]]></Multimedia>
      <Metadata code="Product.HasGraphic" value="true" />
      <Property code="W">88000</Property>
      <Property code="H">81600</Property>
      <Property code="D">48000</Property>
      <Property code="SourceModelRef">Leisure/CK110F232C.axs</Property>
      <AssetCode code="3DFull"><![CDATA[546408e982654b64a5770731ee018c5a.a7a190e097344e1f85a0394df752d62a.CK110F232C]]></AssetCode>
      <CustomData><![CDATA[<xml>
  <Properties>
    <W>88000</W>
    <H>81600</H>
    <D>48000</D>
    <SourceModelRef>Leisure/CK110F232C.axs</SourceModelRef>
  </Properties>
</xml>]]></CustomData>
    </Product>
    <Product code="CK110F232K" SKU="CK110F232K" itemType="Kitchen.Appliance.Range.Gas">
      <Name lang="en-US"><![CDATA[ApplianceCK110F232K]]></Name>
      <ShortDescription lang="en-US"><![CDATA[SD-This is a range cooker CK110F232K]]></ShortDescription>
      <Description lang="en-US"><![CDATA[110cm Cookmaster dual fuel range cooker - Black]]></Description>
      <LongDescription lang="en-US"><![CDATA[LD-110cm Cookmaster dual fuel range cooker - Black]]></LongDescription>
      <Multimedia type="Info" lang="en-US"><![CDATA[http://Lesiurecooker.co.uk/Item/CK110F232]]></Multimedia>
      <Multimedia type="SmallImage" lang="en-US"><![CDATA[ItemImages\546408e982654b64a5770731ee018c5a\413317a94a744c91ae3609feb8014a2d\ThumbnailSmallCK110F232K.jpg]]></Multimedia>
      <Multimedia type="MediumImage" lang="en-US"><![CDATA[ItemImages\546408e982654b64a5770731ee018c5a\413317a94a744c91ae3609feb8014a2d\ThumbnailMediumCK110F232K.jpg]]></Multimedia>
      <Multimedia type="LargeImage" lang="en-US"><![CDATA[ItemImages\546408e982654b64a5770731ee018c5a\413317a94a744c91ae3609feb8014a2d\ThumbnailLargeCK110F232K.jpg]]></Multimedia>
      <Metadata code="Product.HasGraphic" value="true" />
      <Property code="W">88000</Property>
      <Property code="H">81600</Property>
      <Property code="D">48000</Property>
      <Property code="SourceModelRef">Leisure/CK110F232K.axs</Property>
      <AssetCode code="3DFull"><![CDATA[546408e982654b64a5770731ee018c5a.413317a94a744c91ae3609feb8014a2d.CK110F232K]]></AssetCode>
      <CustomData><![CDATA[<xml>
  <Properties>
    <W>88000</W>
    <H>81600</H>
    <D>48000</D>
    <SourceModelRef>Leisure/CK110F232K.axs</SourceModelRef>
  </Properties>
</xml>]]></CustomData>
    </Product>
    <Product code="CK110F232S" SKU="CK110F232S" itemType="Kitchen.Appliance.Range.Gas">
      <Name lang="en-US"><![CDATA[ApplianceCK110F232S]]></Name>
      <ShortDescription lang="en-US"><![CDATA[SD-This is a range cooker CK110F232S]]></ShortDescription>
      <Description lang="en-US"><![CDATA[110cm Cookmaster dual fuel range cooker - Silver]]></Description>
      <LongDescription lang="en-US"><![CDATA[LD-110cm Cookmaster dual fuel range cooker - Silver]]></LongDescription>
      <Multimedia type="Info" lang="en-US"><![CDATA[http://Lesiurecooker.co.uk/Item/CK110F232]]></Multimedia>
      <Multimedia type="SmallImage" lang="en-US"><![CDATA[ItemImages\546408e982654b64a5770731ee018c5a\66e52bad0d20499282b62a5f3baa83a7\ThumbnailSmallCK110F232S.jpg]]></Multimedia>
      <Multimedia type="MediumImage" lang="en-US"><![CDATA[ItemImages\546408e982654b64a5770731ee018c5a\66e52bad0d20499282b62a5f3baa83a7\ThumbnailMediumCK110F232S.jpg]]></Multimedia>
      <Multimedia type="LargeImage" lang="en-US"><![CDATA[ItemImages\546408e982654b64a5770731ee018c5a\66e52bad0d20499282b62a5f3baa83a7\ThumbnailLargeCK110F232S.jpg]]></Multimedia>
      <Metadata code="Product.HasGraphic" value="true" />
      <Property code="W">88000</Property>
      <Property code="H">81600</Property>
      <Property code="D">48000</Property>
      <Property code="SourceModelRef">Leisure/CK110F232S.axs</Property>
      <AssetCode code="3DFull"><![CDATA[546408e982654b64a5770731ee018c5a.66e52bad0d20499282b62a5f3baa83a7.CK110F232S]]></AssetCode>
      <CustomData><![CDATA[<xml>
  <Properties>
    <W>88000</W>
    <H>81600</H>
    <D>48000</D>
    <SourceModelRef>Leisure/CK110F232S.axs</SourceModelRef>
  </Properties>
</xml>]]></CustomData>
    </Product>
    <Product code="CK90C230C" SKU="CK90C230C" itemType="Kitchen.Appliance.Range.Electric">
      <Name lang="en-US"><![CDATA[ApplianceCK90C230C]]></Name>
      <ShortDescription lang="en-US"><![CDATA[SD-This is a range cooker CK90C230C]]></ShortDescription>
      <Description lang="en-US"><![CDATA[90cm Cookmaster electric range cooker - Cream]]></Description>
      <LongDescription lang="en-US"><![CDATA[LD-90cm Cookmaster electric range cooker - Cream]]></LongDescription>
      <Multimedia type="Info" lang="en-US"><![CDATA[http://Lesiurecooker.co.uk/Item/CK90C230]]></Multimedia>
      <Multimedia type="SmallImage" lang="en-US"><![CDATA[ItemImages\546408e982654b64a5770731ee018c5a\0e73ede407f249dfa9ad97d516406655\ThumbnailSmallCK90C230C.jpg]]></Multimedia>
      <Multimedia type="MediumImage" lang="en-US"><![CDATA[ItemImages\546408e982654b64a5770731ee018c5a\0e73ede407f249dfa9ad97d516406655\ThumbnailMediumCK90C230C.jpg]]></Multimedia>
      <Multimedia type="LargeImage" lang="en-US"><![CDATA[ItemImages\546408e982654b64a5770731ee018c5a\0e73ede407f249dfa9ad97d516406655\ThumbnailLargeCK90C230C.jpg]]></Multimedia>
      <Metadata code="Product.HasGraphic" value="true" />
      <Property code="W">72000</Property>
      <Property code="H">72000</Property>
      <Property code="D">48000</Property>
      <Property code="SourceModelRef">Leisure/CK90C230C.axs</Property>
      <AssetCode code="3DFull"><![CDATA[546408e982654b64a5770731ee018c5a.0e73ede407f249dfa9ad97d516406655.CK90C230C]]></AssetCode>
      <CustomData><![CDATA[<xml>
  <Properties>
    <W>72000</W>
    <H>72000</H>
    <D>48000</D>
    <SourceModelRef>Leisure/CK90C230C.axs</SourceModelRef>
  </Properties>
</xml>]]></CustomData>
    </Product>
    <Product code="CK90C230K" SKU="CK90C230K" itemType="Kitchen.Appliance.Range.Electric">
      <Name lang="en-US"><![CDATA[ApplianceCK90C230K]]></Name>
      <ShortDescription lang="en-US"><![CDATA[SD-This is a range cooker CK90C230K]]></ShortDescription>
      <Description lang="en-US"><![CDATA[90cm Cookmaster electric range cooker - Black]]></Description>
      <LongDescription lang="en-US"><![CDATA[LD-90cm Cookmaster electric range cooker - Black]]></LongDescription>
      <Multimedia type="Info" lang="en-US"><![CDATA[http://Lesiurecooker.co.uk/Item/CK90C230]]></Multimedia>
      <Multimedia type="SmallImage" lang="en-US"><![CDATA[ItemImages\546408e982654b64a5770731ee018c5a\b60c6a43fc934d3388bae0f2cce6df9c\ThumbnailSmallCK90C230K.jpg]]></Multimedia>
      <Multimedia type="MediumImage" lang="en-US"><![CDATA[ItemImages\546408e982654b64a5770731ee018c5a\b60c6a43fc934d3388bae0f2cce6df9c\ThumbnailMediumCK90C230K.jpg]]></Multimedia>
      <Multimedia type="LargeImage" lang="en-US"><![CDATA[ItemImages\546408e982654b64a5770731ee018c5a\b60c6a43fc934d3388bae0f2cce6df9c\ThumbnailLargeCK90C230K.jpg]]></Multimedia>
      <Metadata code="Product.HasGraphic" value="true" />
      <Property code="W">72000</Property>
      <Property code="H">72000</Property>
      <Property code="D">48000</Property>
      <Property code="SourceModelRef">Leisure/CK90C230K.axs</Property>
      <AssetCode code="3DFull"><![CDATA[546408e982654b64a5770731ee018c5a.b60c6a43fc934d3388bae0f2cce6df9c.CK90C230K]]></AssetCode>
      <CustomData><![CDATA[<xml>
  <Properties>
    <W>72000</W>
    <H>72000</H>
    <D>48000</D>
    <SourceModelRef>Leisure/CK90C230K.axs</SourceModelRef>
  </Properties>
</xml>]]></CustomData>
    </Product>
    <Product code="CK90C230S" SKU="CK90C230S" itemType="Kitchen.Appliance.Range.Electric">
      <Name lang="en-US"><![CDATA[ApplianceCK90C230S]]></Name>
      <ShortDescription lang="en-US"><![CDATA[SD-This is a range cooker CK90C230S]]></ShortDescription>
      <Description lang="en-US"><![CDATA[90cm Cookmaster electric range cooker - Silver]]></Description>
      <LongDescription lang="en-US"><![CDATA[LD-90cm Cookmaster electric range cooker - Silver]]></LongDescription>
      <Multimedia type="Info" lang="en-US"><![CDATA[http://Lesiurecooker.co.uk/Item/CK90C230]]></Multimedia>
      <Multimedia type="SmallImage" lang="en-US"><![CDATA[ItemImages\546408e982654b64a5770731ee018c5a\8fbc5dc8170a47629b482bad2d57ebbd\ThumbnailSmallCK90C230S.jpg]]></Multimedia>
      <Multimedia type="MediumImage" lang="en-US"><![CDATA[ItemImages\546408e982654b64a5770731ee018c5a\8fbc5dc8170a47629b482bad2d57ebbd\ThumbnailMediumCK90C230S.jpg]]></Multimedia>
      <Multimedia type="LargeImage" lang="en-US"><![CDATA[ItemImages\546408e982654b64a5770731ee018c5a\8fbc5dc8170a47629b482bad2d57ebbd\ThumbnailLargeCK90C230S.jpg]]></Multimedia>
      <Metadata code="Product.HasGraphic" value="true" />
      <Property code="W">72000</Property>
      <Property code="H">72000</Property>
      <Property code="D">48000</Property>
      <Property code="SourceModelRef">Leisure/CK90C230S.axs</Property>
      <AssetCode code="3DFull"><![CDATA[546408e982654b64a5770731ee018c5a.8fbc5dc8170a47629b482bad2d57ebbd.CK90C230S]]></AssetCode>
      <CustomData><![CDATA[<xml>
  <Properties>
    <W>72000</W>
    <H>72000</H>
    <D>48000</D>
    <SourceModelRef>Leisure/CK90C230S.axs</SourceModelRef>
  </Properties>
</xml>]]></CustomData>
    </Product>
    <Product code="CK90F232B" SKU="CK90F232B" itemType="Kitchen.Appliance.Range.Gas">
      <Name lang="en-US"><![CDATA[ApplianceCK90F232B]]></Name>
      <ShortDescription lang="en-US"><![CDATA[SD-This is a range cooker CK90F232B]]></ShortDescription>
      <Description lang="en-US"><![CDATA[90cm Cookmaster dual fuel range cooker - Blue]]></Description>
      <LongDescription lang="en-US"><![CDATA[LD-90cm Cookmaster dual fuel range cooker - Blue]]></LongDescription>
      <Multimedia type="Info" lang="en-US"><![CDATA[http://Lesiurecooker.co.uk/Item/CK90F232]]></Multimedia>
      <Multimedia type="SmallImage" lang="en-US"><![CDATA[ItemImages\546408e982654b64a5770731ee018c5a\40cd2287f3c6437f80fa69909ebd6d20\ThumbnailSmallCK90F232B.jpg]]></Multimedia>
      <Multimedia type="MediumImage" lang="en-US"><![CDATA[ItemImages\546408e982654b64a5770731ee018c5a\40cd2287f3c6437f80fa69909ebd6d20\ThumbnailMediumCK90F232B.jpg]]></Multimedia>
      <Multimedia type="LargeImage" lang="en-US"><![CDATA[ItemImages\546408e982654b64a5770731ee018c5a\40cd2287f3c6437f80fa69909ebd6d20\ThumbnailLargeCK90F232B.jpg]]></Multimedia>
      <Metadata code="Product.HasGraphic" value="true" />
      <Property code="W">72000</Property>
      <Property code="H">81600</Property>
      <Property code="D">48000</Property>
      <Property code="SourceModelRef">Leisure/CK90F232B.axs</Property>
      <AssetCode code="3DFull"><![CDATA[546408e982654b64a5770731ee018c5a.40cd2287f3c6437f80fa69909ebd6d20.CK90F232B]]></AssetCode>
      <CustomData><![CDATA[<xml>
  <Properties>
    <W>72000</W>
    <H>81600</H>
    <D>48000</D>
    <SourceModelRef>Leisure/CK90F232B.axs</SourceModelRef>
  </Properties>
</xml>]]></CustomData>
    </Product>
    <Product code="CK90F232C" SKU="CK90F232C" itemType="Kitchen.Appliance.Range.Gas">
      <Name lang="en-US"><![CDATA[ApplianceCK90F232C]]></Name>
      <ShortDescription lang="en-US"><![CDATA[SD-This is a range cooker CK90F232C]]></ShortDescription>
      <Description lang="en-US"><![CDATA[90cm Cookmaster dual fuel range cooker - Cream]]></Description>
      <LongDescription lang="en-US"><![CDATA[LD-90cm Cookmaster dual fuel range cooker - Cream]]></LongDescription>
      <Multimedia type="Info" lang="en-US"><![CDATA[http://Lesiurecooker.co.uk/Item/CK90F232]]></Multimedia>
      <Multimedia type="SmallImage" lang="en-US"><![CDATA[ItemImages\546408e982654b64a5770731ee018c5a\b084fcf77809477aa7d7fe410513c2af\ThumbnailSmallCK90F232C.jpg]]></Multimedia>
      <Multimedia type="MediumImage" lang="en-US"><![CDATA[ItemImages\546408e982654b64a5770731ee018c5a\b084fcf77809477aa7d7fe410513c2af\ThumbnailMediumCK90F232C.jpg]]></Multimedia>
      <Multimedia type="LargeImage" lang="en-US"><![CDATA[ItemImages\546408e982654b64a5770731ee018c5a\b084fcf77809477aa7d7fe410513c2af\ThumbnailLargeCK90F232C.jpg]]></Multimedia>
      <Metadata code="Product.HasGraphic" value="true" />
      <Property code="W">72000</Property>
      <Property code="H">81600</Property>
      <Property code="D">48000</Property>
      <Property code="SourceModelRef">Leisure/CK90F232C.axs</Property>
      <AssetCode code="3DFull"><![CDATA[546408e982654b64a5770731ee018c5a.b084fcf77809477aa7d7fe410513c2af.CK90F232C]]></AssetCode>
      <CustomData><![CDATA[<xml>
  <Properties>
    <W>72000</W>
    <H>81600</H>
    <D>48000</D>
    <SourceModelRef>Leisure/CK90F232C.axs</SourceModelRef>
  </Properties>
</xml>]]></CustomData>
    </Product>
    <Product code="CK90F232K" SKU="CK90F232K" itemType="Kitchen.Appliance.Range.Gas">
      <Name lang="en-US"><![CDATA[ApplianceCK90F232K]]></Name>
      <ShortDescription lang="en-US"><![CDATA[SD-This is a range cooker CK90F232K]]></ShortDescription>
      <Description lang="en-US"><![CDATA[90cm Cookmaster dual fuel range cooker - Black]]></Description>
      <LongDescription lang="en-US"><![CDATA[LD-90cm Cookmaster dual fuel range cooker - Black]]></LongDescription>
      <Multimedia type="Info" lang="en-US"><![CDATA[http://Lesiurecooker.co.uk/Item/CK90F232]]></Multimedia>
      <Multimedia type="SmallImage" lang="en-US"><![CDATA[ItemImages\546408e982654b64a5770731ee018c5a\2c69c24581da437c8b1469fc0d997ed4\ThumbnailSmallCK90F232K.jpg]]></Multimedia>
      <Multimedia type="MediumImage" lang="en-US"><![CDATA[ItemImages\546408e982654b64a5770731ee018c5a\2c69c24581da437c8b1469fc0d997ed4\ThumbnailMediumCK90F232K.jpg]]></Multimedia>
      <Multimedia type="LargeImage" lang="en-US"><![CDATA[ItemImages\546408e982654b64a5770731ee018c5a\2c69c24581da437c8b1469fc0d997ed4\ThumbnailLargeCK90F232K.jpg]]></Multimedia>
      <Metadata code="Product.HasGraphic" value="true" />
      <Property code="W">72000</Property>
      <Property code="H">81600</Property>
      <Property code="D">48000</Property>
      <Property code="SourceModelRef">Leisure/CK90F232K.axs</Property>
      <AssetCode code="3DFull"><![CDATA[546408e982654b64a5770731ee018c5a.2c69c24581da437c8b1469fc0d997ed4.CK90F232K]]></AssetCode>
      <CustomData><![CDATA[<xml>
  <Properties>
    <W>72000</W>
    <H>81600</H>
    <D>48000</D>
    <SourceModelRef>Leisure/CK90F232K.axs</SourceModelRef>
  </Properties>
</xml>]]></CustomData>
    </Product>
    <Product code="CK90F232R" SKU="CK90F232R" itemType="Kitchen.Appliance.Range.Gas">
      <Name lang="en-US"><![CDATA[ApplianceCK90F232R]]></Name>
      <ShortDescription lang="en-US"><![CDATA[SD-This is a range cooker CK90F232R]]></ShortDescription>
      <Description lang="en-US"><![CDATA[90cm Cookmaster dual fuel range cooker - Red]]></Description>
      <LongDescription lang="en-US"><![CDATA[LD-90cm Cookmaster dual fuel range cooker - Red]]></LongDescription>
      <Multimedia type="Info" lang="en-US"><![CDATA[http://Lesiurecooker.co.uk/Item/CK90F232]]></Multimedia>
      <Multimedia type="SmallImage" lang="en-US"><![CDATA[ItemImages\546408e982654b64a5770731ee018c5a\09011d1d00e8431ab30af8ddaae544e6\ThumbnailSmallCK90F232R.jpg]]></Multimedia>
      <Multimedia type="MediumImage" lang="en-US"><![CDATA[ItemImages\546408e982654b64a5770731ee018c5a\09011d1d00e8431ab30af8ddaae544e6\ThumbnailMediumCK90F232R.jpg]]></Multimedia>
      <Multimedia type="LargeImage" lang="en-US"><![CDATA[ItemImages\546408e982654b64a5770731ee018c5a\09011d1d00e8431ab30af8ddaae544e6\ThumbnailLargeCK90F232R.jpg]]></Multimedia>
      <Metadata code="Product.HasGraphic" value="true" />
      <Property code="W">72000</Property>
      <Property code="H">81600</Property>
      <Property code="D">48000</Property>
      <Property code="SourceModelRef">Leisure/CK90F232R.axs</Property>
      <AssetCode code="3DFull"><![CDATA[546408e982654b64a5770731ee018c5a.09011d1d00e8431ab30af8ddaae544e6.CK90F232R]]></AssetCode>
      <CustomData><![CDATA[<xml>
  <Properties>
    <W>72000</W>
    <H>81600</H>
    <D>48000</D>
    <SourceModelRef>Leisure/CK90F232R.axs</SourceModelRef>
  </Properties>
</xml>]]></CustomData>
    </Product>
    <Product code="CK90F232S" SKU="CK90F232S" itemType="Kitchen.Appliance.Range.Gas">
      <Name lang="en-US"><![CDATA[ApplianceCK90F232S]]></Name>
      <ShortDescription lang="en-US"><![CDATA[SD-This is a range cooker CK90F232S]]></ShortDescription>
      <Description lang="en-US"><![CDATA[90cm Cookmaster dual fuel range cooker - Silver]]></Description>
      <LongDescription lang="en-US"><![CDATA[LD-90cm Cookmaster dual fuel range cooker - Silver]]></LongDescription>
      <Multimedia type="Info" lang="en-US"><![CDATA[http://Lesiurecooker.co.uk/Item/CK90F232]]></Multimedia>
      <Multimedia type="SmallImage" lang="en-US"><![CDATA[ItemImages\546408e982654b64a5770731ee018c5a\f5a5765f8bc643748f124b4b8306c17e\ThumbnailSmallCK90F232S.jpg]]></Multimedia>
      <Multimedia type="MediumImage" lang="en-US"><![CDATA[ItemImages\546408e982654b64a5770731ee018c5a\f5a5765f8bc643748f124b4b8306c17e\ThumbnailMediumCK90F232S.jpg]]></Multimedia>
      <Multimedia type="LargeImage" lang="en-US"><![CDATA[ItemImages\546408e982654b64a5770731ee018c5a\f5a5765f8bc643748f124b4b8306c17e\ThumbnailLargeCK90F232S.jpg]]></Multimedia>
      <Metadata code="Product.HasGraphic" value="true" />
      <Property code="W">72000</Property>
      <Property code="H">81600</Property>
      <Property code="D">48000</Property>
      <Property code="SourceModelRef">Leisure/CK90F232S.axs</Property>
      <AssetCode code="3DFull"><![CDATA[546408e982654b64a5770731ee018c5a.f5a5765f8bc643748f124b4b8306c17e.CK90F232S]]></AssetCode>
      <CustomData><![CDATA[<xml>
  <Properties>
    <W>72000</W>
    <H>81600</H>
    <D>48000</D>
    <SourceModelRef>Leisure/CK90F232S.axs</SourceModelRef>
  </Properties>
</xml>]]></CustomData>
    </Product>
    <Product code="CK90G232C" SKU="CK90G232C" itemType="Kitchen.Appliance.Range.Gas">
      <Name lang="en-US"><![CDATA[ApplianceCK90G232C]]></Name>
      <ShortDescription lang="en-US"><![CDATA[SD-This is a range cooker CK90G232C]]></ShortDescription>
      <Description lang="en-US"><![CDATA[90cm Cookmaster gas range cooker - Cream]]></Description>
      <LongDescription lang="en-US"><![CDATA[LD-90cm Cookmaster gas range cooker - Cream]]></LongDescription>
      <Multimedia type="Info" lang="en-US"><![CDATA[http://Lesiurecooker.co.uk/Item/CK90G232]]></Multimedia>
      <Multimedia type="SmallImage" lang="en-US"><![CDATA[ItemImages\546408e982654b64a5770731ee018c5a\5362dcf0d1d946a8a8b74082ba6d7e9c\ThumbnailSmallCK90G232C.jpg]]></Multimedia>
      <Multimedia type="MediumImage" lang="en-US"><![CDATA[ItemImages\546408e982654b64a5770731ee018c5a\5362dcf0d1d946a8a8b74082ba6d7e9c\ThumbnailMediumCK90G232C.jpg]]></Multimedia>
      <Multimedia type="LargeImage" lang="en-US"><![CDATA[ItemImages\546408e982654b64a5770731ee018c5a\5362dcf0d1d946a8a8b74082ba6d7e9c\ThumbnailLargeCK90G232C.jpg]]></Multimedia>
      <Metadata code="Product.HasGraphic" value="true" />
      <Property code="W">72000</Property>
      <Property code="H">81600</Property>
      <Property code="D">48000</Property>
      <Property code="SourceModelRef">Leisure/CK90G232C.axs</Property>
      <AssetCode code="3DFull"><![CDATA[546408e982654b64a5770731ee018c5a.5362dcf0d1d946a8a8b74082ba6d7e9c.CK90G232C]]></AssetCode>
      <CustomData><![CDATA[<xml>
  <Properties>
    <W>72000</W>
    <H>81600</H>
    <D>48000</D>
    <SourceModelRef>Leisure/CK90G232C.axs</SourceModelRef>
  </Properties>
</xml>]]></CustomData>
    </Product>
    <Product code="CK90G232K" SKU="CK90G232K" itemType="Kitchen.Appliance.Range.Gas">
      <Name lang="en-US"><![CDATA[ApplianceCK90G232K]]></Name>
      <ShortDescription lang="en-US"><![CDATA[SD-This is a range cooker CK90G232K]]></ShortDescription>
      <Description lang="en-US"><![CDATA[90cm Cookmaster gas range cooker - Black]]></Description>
      <LongDescription lang="en-US"><![CDATA[LD-90cm Cookmaster gas range cooker - Black]]></LongDescription>
      <Multimedia type="Info" lang="en-US"><![CDATA[http://Lesiurecooker.co.uk/Item/CK90G232]]></Multimedia>
      <Multimedia type="SmallImage" lang="en-US"><![CDATA[ItemImages\546408e982654b64a5770731ee018c5a\9433ef85511c453a8ae1258386187982\ThumbnailSmallCK90G232K.jpg]]></Multimedia>
      <Multimedia type="MediumImage" lang="en-US"><![CDATA[ItemImages\546408e982654b64a5770731ee018c5a\9433ef85511c453a8ae1258386187982\ThumbnailMediumCK90G232K.jpg]]></Multimedia>
      <Multimedia type="LargeImage" lang="en-US"><![CDATA[ItemImages\546408e982654b64a5770731ee018c5a\9433ef85511c453a8ae1258386187982\ThumbnailLargeCK90G232K.jpg]]></Multimedia>
      <Metadata code="Product.HasGraphic" value="true" />
      <Property code="W">72000</Property>
      <Property code="H">81600</Property>
      <Property code="D">48000</Property>
      <Property code="SourceModelRef">Leisure/CK90G232K.axs</Property>
      <AssetCode code="3DFull"><![CDATA[546408e982654b64a5770731ee018c5a.9433ef85511c453a8ae1258386187982.CK90G232K]]></AssetCode>
      <CustomData><![CDATA[<xml>
  <Properties>
    <W>72000</W>
    <H>81600</H>
    <D>48000</D>
    <SourceModelRef>Leisure/CK90G232K.axs</SourceModelRef>
  </Properties>
</xml>]]></CustomData>
    </Product>
    <Product code="CS100F520K" SKU="CS100F520K" itemType="Kitchen.Appliance.Range.Gas">
      <Name lang="en-US"><![CDATA[ApplianceCS100F520K]]></Name>
      <ShortDescription lang="en-US"><![CDATA[SD-This is a range cooker CS100F520K]]></ShortDescription>
      <Description lang="en-US"><![CDATA[100cm Cuisinemaster dual fuel range cooker - Black]]></Description>
      <LongDescription lang="en-US"><![CDATA[LD-100cm Cuisinemaster dual fuel range cooker - Black]]></LongDescription>
      <Multimedia type="Info" lang="en-US"><![CDATA[http://Lesiurecooker.co.uk/Item/CS100F520]]></Multimedia>
      <Multimedia type="SmallImage" lang="en-US"><![CDATA[ItemImages\546408e982654b64a5770731ee018c5a\dbc67516fb104752b2ec78f468ac81cd\ThumbnailSmallCS100F520K.jpg]]></Multimedia>
      <Multimedia type="MediumImage" lang="en-US"><![CDATA[ItemImages\546408e982654b64a5770731ee018c5a\dbc67516fb104752b2ec78f468ac81cd\ThumbnailMediumCS100F520K.jpg]]></Multimedia>
      <Multimedia type="LargeImage" lang="en-US"><![CDATA[ItemImages\546408e982654b64a5770731ee018c5a\dbc67516fb104752b2ec78f468ac81cd\ThumbnailLargeCS100F520K.jpg]]></Multimedia>
      <Metadata code="Product.HasGraphic" value="true" />
      <Property code="W">80000</Property>
      <Property code="H">72000</Property>
      <Property code="D">48000</Property>
      <Property code="SourceModelRef">Leisure/CS100F520K.axs</Property>
      <AssetCode code="3DFull"><![CDATA[546408e982654b64a5770731ee018c5a.dbc67516fb104752b2ec78f468ac81cd.CS100F520K]]></AssetCode>
      <CustomData><![CDATA[<xml>
  <Properties>
    <W>80000</W>
    <H>72000</H>
    <D>48000</D>
    <SourceModelRef>Leisure/CS100F520K.axs</SourceModelRef>
  </Properties>
</xml>]]></CustomData>
    </Product>
    <Product code="CS100F520X" SKU="CS100F520X" itemType="Kitchen.Appliance.Range.Gas">
      <Name lang="en-US"><![CDATA[ApplianceCS100F520X]]></Name>
      <ShortDescription lang="en-US"><![CDATA[SD-This is a range cooker CS100F520X]]></ShortDescription>
      <Description lang="en-US"><![CDATA[100cm Cuisinemaster dual fuel range cooker - Stainless steel]]></Description>
      <LongDescription lang="en-US"><![CDATA[LD-100cm Cuisinemaster dual fuel range cooker - Stainless steel]]></LongDescription>
      <Multimedia type="Info" lang="en-US"><![CDATA[http://Lesiurecooker.co.uk/Item/CS100F520]]></Multimedia>
      <Multimedia type="SmallImage" lang="en-US"><![CDATA[ItemImages\546408e982654b64a5770731ee018c5a\646bbc15ed1e4e4aae274ad4b685d525\ThumbnailSmallCS100F520X.jpg]]></Multimedia>
      <Multimedia type="MediumImage" lang="en-US"><![CDATA[ItemImages\546408e982654b64a5770731ee018c5a\646bbc15ed1e4e4aae274ad4b685d525\ThumbnailMediumCS100F520X.jpg]]></Multimedia>
      <Multimedia type="LargeImage" lang="en-US"><![CDATA[ItemImages\546408e982654b64a5770731ee018c5a\646bbc15ed1e4e4aae274ad4b685d525\ThumbnailLargeCS100F520X.jpg]]></Multimedia>
      <Metadata code="Product.HasGraphic" value="true" />
      <Property code="W">80000</Property>
      <Property code="H">72000</Property>
      <Property code="D">48000</Property>
      <Property code="SourceModelRef">Leisure/CS100F520X.axs</Property>
      <AssetCode code="3DFull"><![CDATA[546408e982654b64a5770731ee018c5a.646bbc15ed1e4e4aae274ad4b685d525.CS100F520X]]></AssetCode>
      <CustomData><![CDATA[<xml>
  <Properties>
    <W>80000</W>
    <H>72000</H>
    <D>48000</D>
    <SourceModelRef>Leisure/CS100F520X.axs</SourceModelRef>
  </Properties>
</xml>]]></CustomData>
    </Product>
    <Product code="CS110F722K" SKU="CS110F722K" itemType="Kitchen.Appliance.Range.Gas">
      <Name lang="en-US"><![CDATA[ApplianceCS110F722K]]></Name>
      <ShortDescription lang="en-US"><![CDATA[SD-This is a range cooker CS110F722K]]></ShortDescription>
      <Description lang="en-US"><![CDATA[110cm Cuisinemaster dual fuel range cooker - Black]]></Description>
      <LongDescription lang="en-US"><![CDATA[LD-110cm Cuisinemaster dual fuel range cooker - Black]]></LongDescription>
      <Multimedia type="Info" lang="en-US"><![CDATA[http://Lesiurecooker.co.uk/Item/CS110F722]]></Multimedia>
      <Multimedia type="SmallImage" lang="en-US"><![CDATA[ItemImages\546408e982654b64a5770731ee018c5a\35ae86481f714325be24d168a14c8967\ThumbnailSmallCS110F722K.jpg]]></Multimedia>
      <Multimedia type="MediumImage" lang="en-US"><![CDATA[ItemImages\546408e982654b64a5770731ee018c5a\35ae86481f714325be24d168a14c8967\ThumbnailMediumCS110F722K.jpg]]></Multimedia>
      <Multimedia type="LargeImage" lang="en-US"><![CDATA[ItemImages\546408e982654b64a5770731ee018c5a\35ae86481f714325be24d168a14c8967\ThumbnailLargeCS110F722K.jpg]]></Multimedia>
      <Metadata code="Product.HasGraphic" value="true" />
      <Property code="W">88000</Property>
      <Property code="H">81600</Property>
      <Property code="D">48000</Property>
      <Property code="SourceModelRef">Leisure/CS110F722K.axs</Property>
      <AssetCode code="3DFull"><![CDATA[546408e982654b64a5770731ee018c5a.35ae86481f714325be24d168a14c8967.CS110F722K]]></AssetCode>
      <CustomData><![CDATA[<xml>
  <Properties>
    <W>88000</W>
    <H>81600</H>
    <D>48000</D>
    <SourceModelRef>Leisure/CS110F722K.axs</SourceModelRef>
  </Properties>
</xml>]]></CustomData>
    </Product>
    <Product code="CS110F722X" SKU="CS110F722X" itemType="Kitchen.Appliance.Range.Gas">
      <Name lang="en-US"><![CDATA[ApplianceCS110F722X]]></Name>
      <ShortDescription lang="en-US"><![CDATA[SD-This is a range cooker CS110F722X]]></ShortDescription>
      <Description lang="en-US"><![CDATA[110cm Cuisinemaster dual fuel range cooker - Stainless steel]]></Description>
      <LongDescription lang="en-US"><![CDATA[LD-110cm Cuisinemaster dual fuel range cooker - Stainless steel]]></LongDescription>
      <Multimedia type="Info" lang="en-US"><![CDATA[http://Lesiurecooker.co.uk/Item/CS110F722]]></Multimedia>
      <Multimedia type="SmallImage" lang="en-US"><![CDATA[ItemImages\546408e982654b64a5770731ee018c5a\ff805d853e59443f859e6080b56d2781\ThumbnailSmallCS110F722X.jpg]]></Multimedia>
      <Multimedia type="MediumImage" lang="en-US"><![CDATA[ItemImages\546408e982654b64a5770731ee018c5a\ff805d853e59443f859e6080b56d2781\ThumbnailMediumCS110F722X.jpg]]></Multimedia>
      <Multimedia type="LargeImage" lang="en-US"><![CDATA[ItemImages\546408e982654b64a5770731ee018c5a\ff805d853e59443f859e6080b56d2781\ThumbnailLargeCS110F722X.jpg]]></Multimedia>
      <Metadata code="Product.HasGraphic" value="true" />
      <Property code="W">88000</Property>
      <Property code="H">81600</Property>
      <Property code="D">48000</Property>
      <Property code="SourceModelRef">Leisure/CS110F722X.axs</Property>
      <AssetCode code="3DFull"><![CDATA[546408e982654b64a5770731ee018c5a.ff805d853e59443f859e6080b56d2781.CS110F722X]]></AssetCode>
      <CustomData><![CDATA[<xml>
  <Properties>
    <W>88000</W>
    <H>81600</H>
    <D>48000</D>
    <SourceModelRef>Leisure/CS110F722X.axs</SourceModelRef>
  </Properties>
</xml>]]></CustomData>
    </Product>
    <Product code="CS90C530K" SKU="CS90C530K" itemType="Kitchen.Appliance.Range.Electric">
      <Name lang="en-US"><![CDATA[ApplianceCS90C530K]]></Name>
      <ShortDescription lang="en-US"><![CDATA[SD-This is a range cooker CS90C530K]]></ShortDescription>
      <Description lang="en-US"><![CDATA[90cm Cuisinemaster electric range cooker - Black]]></Description>
      <LongDescription lang="en-US"><![CDATA[LD-90cm Cuisinemaster electric range cooker - Black]]></LongDescription>
      <Multimedia type="Info" lang="en-US"><![CDATA[http://Lesiurecooker.co.uk/Item/CS90C530]]></Multimedia>
      <Multimedia type="SmallImage" lang="en-US"><![CDATA[ItemImages\546408e982654b64a5770731ee018c5a\2ed5b637bc7042d583850016a778bf77\ThumbnailSmallCS90C530K.jpg]]></Multimedia>
      <Multimedia type="MediumImage" lang="en-US"><![CDATA[ItemImages\546408e982654b64a5770731ee018c5a\2ed5b637bc7042d583850016a778bf77\ThumbnailMediumCS90C530K.jpg]]></Multimedia>
      <Multimedia type="LargeImage" lang="en-US"><![CDATA[ItemImages\546408e982654b64a5770731ee018c5a\2ed5b637bc7042d583850016a778bf77\ThumbnailLargeCS90C530K.jpg]]></Multimedia>
      <Metadata code="Product.HasGraphic" value="true" />
      <Property code="W">72000</Property>
      <Property code="H">72000</Property>
      <Property code="D">48000</Property>
      <Property code="SourceModelRef">Leisure/CS90C530K.axs</Property>
      <AssetCode code="3DFull"><![CDATA[546408e982654b64a5770731ee018c5a.2ed5b637bc7042d583850016a778bf77.CS90C530K]]></AssetCode>
      <CustomData><![CDATA[<xml>
  <Properties>
    <W>72000</W>
    <H>72000</H>
    <D>48000</D>
    <SourceModelRef>Leisure/CS90C530K.axs</SourceModelRef>
  </Properties>
</xml>]]></CustomData>
    </Product>
    <Product code="CS90C530X" SKU="CS90C530X" itemType="Kitchen.Appliance.Range.Electric">
      <Name lang="en-US"><![CDATA[ApplianceCS90C530X]]></Name>
      <ShortDescription lang="en-US"><![CDATA[SD-This is a range cooker CS90C530X]]></ShortDescription>
      <Description lang="en-US"><![CDATA[90cm Cuisinemaster electric range cooker - Stainless steel]]></Description>
      <LongDescription lang="en-US"><![CDATA[LD-90cm Cuisinemaster electric range cooker - Stainless steel]]></LongDescription>
      <Multimedia type="Info" lang="en-US"><![CDATA[http://Lesiurecooker.co.uk/Item/CS90C530]]></Multimedia>
      <Multimedia type="SmallImage" lang="en-US"><![CDATA[ItemImages\546408e982654b64a5770731ee018c5a\db1427e3acc84c088fcd6a133078685d\ThumbnailSmallCS90C530X.jpg]]></Multimedia>
      <Multimedia type="MediumImage" lang="en-US"><![CDATA[ItemImages\546408e982654b64a5770731ee018c5a\db1427e3acc84c088fcd6a133078685d\ThumbnailMediumCS90C530X.jpg]]></Multimedia>
      <Multimedia type="LargeImage" lang="en-US"><![CDATA[ItemImages\546408e982654b64a5770731ee018c5a\db1427e3acc84c088fcd6a133078685d\ThumbnailLargeCS90C530X.jpg]]></Multimedia>
      <Metadata code="Product.HasGraphic" value="true" />
      <Property code="W">72000</Property>
      <Property code="H">72000</Property>
      <Property code="D">48000</Property>
      <Property code="SourceModelRef">Leisure/CS90C530X.axs</Property>
      <AssetCode code="3DFull"><![CDATA[546408e982654b64a5770731ee018c5a.db1427e3acc84c088fcd6a133078685d.CS90C530X]]></AssetCode>
      <CustomData><![CDATA[<xml>
  <Properties>
    <W>72000</W>
    <H>72000</H>
    <D>48000</D>
    <SourceModelRef>Leisure/CS90C530X.axs</SourceModelRef>
  </Properties>
</xml>]]></CustomData>
    </Product>
    <Product code="CS90F530K" SKU="CS90F530K" itemType="Kitchen.Appliance.Range.Gas">
      <Name lang="en-US"><![CDATA[ApplianceCS90F530K]]></Name>
      <ShortDescription lang="en-US"><![CDATA[SD-This is a range cooker CS90F530K]]></ShortDescription>
      <Description lang="en-US"><![CDATA[90cm Cuisinemaster dual fuel range cooker - Black]]></Description>
      <LongDescription lang="en-US"><![CDATA[LD-90cm Cuisinemaster dual fuel range cooker - Black]]></LongDescription>
      <Multimedia type="Info" lang="en-US"><![CDATA[http://Lesiurecooker.co.uk/Item/CS90F530]]></Multimedia>
      <Multimedia type="SmallImage" lang="en-US"><![CDATA[ItemImages\546408e982654b64a5770731ee018c5a\6c7b50d9731a495192950a54b23ed4ff\ThumbnailSmallCS90F530K.jpg]]></Multimedia>
      <Multimedia type="MediumImage" lang="en-US"><![CDATA[ItemImages\546408e982654b64a5770731ee018c5a\6c7b50d9731a495192950a54b23ed4ff\ThumbnailMediumCS90F530K.jpg]]></Multimedia>
      <Multimedia type="LargeImage" lang="en-US"><![CDATA[ItemImages\546408e982654b64a5770731ee018c5a\6c7b50d9731a495192950a54b23ed4ff\ThumbnailLargeCS90F530K.jpg]]></Multimedia>
      <Metadata code="Product.HasGraphic" value="true" />
      <Property code="W">72000</Property>
      <Property code="H">72000</Property>
      <Property code="D">48000</Property>
      <Property code="SourceModelRef">Leisure/CS90F530K.axs</Property>
      <AssetCode code="3DFull"><![CDATA[546408e982654b64a5770731ee018c5a.6c7b50d9731a495192950a54b23ed4ff.CS90F530K]]></AssetCode>
      <CustomData><![CDATA[<xml>
  <Properties>
    <W>72000</W>
    <H>72000</H>
    <D>48000</D>
    <SourceModelRef>Leisure/CS90F530K.axs</SourceModelRef>
  </Properties>
</xml>]]></CustomData>
    </Product>
    <Product code="CS90F530X" SKU="CS90F530X" itemType="Kitchen.Appliance.Range.Gas">
      <Name lang="en-US"><![CDATA[ApplianceCS90F530X]]></Name>
      <ShortDescription lang="en-US"><![CDATA[SD-This is a range cooker CS90F530X]]></ShortDescription>
      <Description lang="en-US"><![CDATA[90cm Cuisinemaster dual fuel range cooker - Stainless steel]]></Description>
      <LongDescription lang="en-US"><![CDATA[LD-90cm Cuisinemaster dual fuel range cooker - Stainless steel]]></LongDescription>
      <Multimedia type="Info" lang="en-US"><![CDATA[http://Lesiurecooker.co.uk/Item/CS90F530]]></Multimedia>
      <Multimedia type="SmallImage" lang="en-US"><![CDATA[ItemImages\546408e982654b64a5770731ee018c5a\e4cac7bf4a2b4f24af905530c42cbe4d\ThumbnailSmallCS90F530X.jpg]]></Multimedia>
      <Multimedia type="MediumImage" lang="en-US"><![CDATA[ItemImages\546408e982654b64a5770731ee018c5a\e4cac7bf4a2b4f24af905530c42cbe4d\ThumbnailMediumCS90F530X.jpg]]></Multimedia>
      <Multimedia type="LargeImage" lang="en-US"><![CDATA[ItemImages\546408e982654b64a5770731ee018c5a\e4cac7bf4a2b4f24af905530c42cbe4d\ThumbnailLargeCS90F530X.jpg]]></Multimedia>
      <Metadata code="Product.HasGraphic" value="true" />
      <Property code="W">72000</Property>
      <Property code="H">72000</Property>
      <Property code="D">48000</Property>
      <Property code="SourceModelRef">Leisure/CS90F530X.axs</Property>
      <AssetCode code="3DFull"><![CDATA[546408e982654b64a5770731ee018c5a.e4cac7bf4a2b4f24af905530c42cbe4d.CS90F530X]]></AssetCode>
      <CustomData><![CDATA[<xml>
  <Properties>
    <W>72000</W>
    <H>72000</H>
    <D>48000</D>
    <SourceModelRef>Leisure/CS90F530X.axs</SourceModelRef>
  </Properties>
</xml>]]></CustomData>
    </Product>
    <ProductGroup code="Range">
      <Description><![CDATA[Range]]></Description>
    </ProductGroup>
    <ProductGroup code="Range.X">
      <Description><![CDATA[Range.X]]></Description>
      <ParentProductGroupRef code="Range" />
      <ProductRef code="CK90C230C" />
      <ProductRef code="CK90C230K" displayOrder="2" />
      <ProductRef code="CK90C230S" displayOrder="3" />
      <ProductRef code="CK90F232B" displayOrder="4" />
      <ProductRef code="CK90F232C" displayOrder="5" />
      <ProductRef code="CK90F232K" displayOrder="6" />
      <ProductRef code="CK90F232R" displayOrder="7" />
      <ProductRef code="CK90F232S" displayOrder="8" />
      <ProductRef code="CK90G232C" displayOrder="9" />
      <ProductRef code="CK90G232K" displayOrder="10" />
      <ProductRef code="CS90C530K" displayOrder="11" />
      <ProductRef code="CS90C530X" displayOrder="12" />
      <ProductRef code="CS90F530K" displayOrder="13" />
      <ProductRef code="CS90F530X" displayOrder="14" />
    </ProductGroup>
    <ProductGroup code="Range.Y">
      <Description><![CDATA[Range.Y]]></Description>
      <ParentProductGroupRef code="Range" />
      <ProductRef code="CK100C210C" displayOrder="15" />
      <ProductRef code="CK100C210K" displayOrder="16" />
      <ProductRef code="CK100C210R" displayOrder="17" />
      <ProductRef code="CK100C210S" displayOrder="18" />
      <ProductRef code="CK100C210X" displayOrder="19" />
      <ProductRef code="CK100F232B" displayOrder="20" />
      <ProductRef code="CK100F232C" displayOrder="21" />
      <ProductRef code="CK100F232K" displayOrder="22" />
      <ProductRef code="CK100F232R" displayOrder="23" />
      <ProductRef code="CK100F232S" displayOrder="24" />
      <ProductRef code="CK100G232C" displayOrder="25" />
      <ProductRef code="CK100G232K" displayOrder="26" />
      <ProductRef code="CS100F520K" displayOrder="27" />
      <ProductRef code="CS100F520X" displayOrder="28" />
    </ProductGroup>
    <ProductGroup code="Range.Z">
      <Description><![CDATA[Range.Z]]></Description>
      <ParentProductGroupRef code="Range" />
      <ProductRef code="CK110F232C" displayOrder="29" />
      <ProductRef code="CK110F232K" displayOrder="30" />
      <ProductRef code="CK110F232S" displayOrder="31" />
      <ProductRef code="CS110F722K" displayOrder="32" />
      <ProductRef code="CS110F722X" displayOrder="33" />
    </ProductGroup>
    <UIMenu code="CiC_ABC" displayOrder="2">
      <Description lang="en-US"><![CDATA[All]]></Description>
    </UIMenu>
    <UIMenu code="CiC_PQR" displayOrder="3">
      <Description lang="en-US"><![CDATA[Freestanding Oven]]></Description>
      <ParentUIMenuRef code="CiC_ABC" />
    </UIMenu>
    <UIMenu code="CiC_X" displayOrder="4">
      <Description lang="en-US"><![CDATA[900mm - 999mm Wide]]></Description>
      <ParentUIMenuRef code="CiC_PQR" />
      <Command><![CDATA[ShowProducts:Range.X]]></Command>
    </UIMenu>
    <UIMenu code="CiC_Y" displayOrder="5">
      <Description lang="en-US"><![CDATA[1000mm - 1099mm Wide]]></Description>
      <ParentUIMenuRef code="CiC_PQR" />
      <Command><![CDATA[ShowProducts:Range.Y]]></Command>
    </UIMenu>
    <UIMenu code="CiC_Z" displayOrder="6">
      <Description lang="en-US"><![CDATA[1100mm - 1199mm Wide]]></Description>
      <ParentUIMenuRef code="CiC_PQR" />
      <Command><![CDATA[ShowProducts:Range.Z]]></Command>
    </UIMenu>
  </Catalog>
</Content>