Valid,Product,ProductList,Feature1,Option1,Condition1,Feature2,Option2,Condition2,Feature3,Option3,Condition3,LogError,LogWarning,Nb Options (65), Nb Restrictions (64)
False,,R.167;R.168;R.244;R.310;R.70;R.71,R.4262.2,R.4263.3,,,,,,,,,,3
False,,R.167;R.168;R.244;R.310;R.70;R.71,R.4262.2,R.4275.3,
True,,R.2222;R.2223;R.2224,R.15312.2,R.4289.3,,V.N.192_ec578126,N.53942c94,value <> 1,,,,,,1
True,R.2225,,R.15312.2,R.4289.3,,V.N.192_ec578126,N.ce9bcde2,value <> 1,,,,,,1
True,,R.2239;R.2240;R.2241,R.15312.2,R.4289.3,,V.N.201_44e45a56,N.b2fae839,value = 2,,,,,,1
True,,R.2247;R.2248;R.2249;R.2250,R.15312.2,R.4289.3,,V.N.201_44e45a56,N.ce9bcde2,value = 2,,,,,,1
True,R.2270,,R.15315.2,R.4290.3,,V.N.316_d967e87b,N.53942c94,value <> 1,,,,,,4
True,R.2270,,R.4302.2,R.4303.3,,V.N.201_44e45a56,N.b2fae839,value <> 0
True,R.2270,,R.4302.2,R.4304.3,,V.N.201_44e45a56,N.b2fae839,value <> 0
True,R.2270,,R.4302.2,R.4305.3,,V.N.201_44e45a56,N.b2fae839,value <> 0
True,,R.2268;R.2269,R.15315.2,R.4290.3,,V.N.316_d967e87b,N.53942c94,value <> 1,,,,,,4
True,,R.2268;R.2269,R.4302.2,R.4303.3,,V.N.201_44e45a56,N.ce9bcde2,value <> 0
True,,R.2268;R.2269,R.4302.2,R.4304.3,,V.N.201_44e45a56,N.ce9bcde2,value <> 0
True,,R.2268;R.2269,R.4302.2,R.4305.3,,V.N.201_44e45a56,N.ce9bcde2,value <> 0
True,R.5449,,R.15318.2,R.15319.3,,V.N.0_adfad5ff,N.54a74c86,value > 3,,,,,,1
True,R.5450,,R.15318.2,R.15319.3,,V.N.0_adfad5ff,N.7d08080a,value > 3,,,,,,1
True,R.15331,,R.15338.2,R.15339.3,,V.N.0_adfad5ff,N.7d08080a,value <= 6,,,,,,1
True,R.15334,,R.15342.2,R.15343.3,,V.N.1219_25989e6,N.53942c94,value <> 6,,,,,,2
True,,R.2280;R.2282,R.4253.2,R.4254.3,,V.A.562_2dc6aac0,N.ce9bcde2,value = 1,,,,,,2
True,,R.2280;R.2282,R.4257.2,R.4258.0,,V.A.562_2dc6aac0,N.ce9bcde2,value = 0
True,,R.151;R.152;R.52;R.53,R.4262.2,R.4278.3,,,,,,,,,,2
True,,R.151;R.152;R.52;R.53,R.4262.2,R.4275.3,
True,,R.15160;R.15162,R.4262.2,R.4285.3,,,,,,,,,,2
True,,R.15160;R.15162,R.4262.2,R.4286.3,
