PriceListRef,Code,Sequence,MaxSequence,Rank,CalcType,Description,KeyType_1,KeyRef_1,KeyType_2,KeyRef_2
Default,ProductFixedPrice,20,10,10,Amount,Product fixed price,Product,
Default,ProductPriceGroupPrice,21,10,10,Amount,Product price per Price group,Product,,Feature,F.PriceGroup
Default,ProductPrice_8810000,22,21,10,Amount,Base Door Upcharge,Product,,Feature,R.10545.2
Default,AddOnUpcharge_Finished Interior %,23,22,10,Percentage,Base Modifications,Feature,R.4262.2
Default,AddOnUpcharge_Peninsula Cabinet %,24,22,10,Percentage,Configuration Modification,Feature,R.15312.2
Default,Upcharge_Finishes,25,22,10,Percentage,Upcharge_Finishes,Feature,R.10885.2
