<?xml version="1.0" encoding="utf-8"?>
<Content action="Create" version="0.59.0" lang="en-US" currency="CAD" UOMS="Imperial">
	<Catalog code="PAF59">
		<Description><![CDATA[PAF59]]></Description>
		<Version major="1" minor="0"/>
		<Company code="2020" type="Manufacturer">
			<Name><![CDATA[2020 India]]></Name>
			<Address>
				<Address1><![CDATA[2020 INTERIOR DESIGN SOFTWARE (INDIA) PVT LTD]]></Address1>
				<Address2><![CDATA[201, KAPIL ZENITH,]]></Address2>
				<Address3><![CDATA[NEAR CHANDANI CHOWK, BAVDHAN-KHURD,]]></Address3>
				<City><![CDATA[Pune]]></City>
				<State><![CDATA[Maharashtra]]></State>
				<PostalCode><![CDATA[411021]]></PostalCode>
				<Country><![CDATA[India]]></Country>
				<Phone><![CDATA[020 - 6654 2020]]></Phone>
				<Email><![CDATA[2020Spaces.com]]></Email>
				<Website><![CDATA[2020Spaces.com]]></Website>
			</Address>
		</Company>
		<Metadata code="Product.HasGraphic" value="true"/>
		<Feature code="Common.Countertop">
			<Name lang="en-US"><![CDATA[Countertops]]></Name>
			<Description lang="en-US"><![CDATA[Countertops]]></Description>
			<Multimedia type="SmallImage" lang="en-US"><![CDATA[CoveringImages/Common_Countertop_s.jpg]]></Multimedia>
			<Multimedia type="MediumImage" lang="en-US"><![CDATA[CoveringImages/Common_Countertop_s.jpg]]></Multimedia>
			<Multimedia type="LargeImage" lang="en-US"><![CDATA[CoveringImages/Common_Countertop_s.jpg]]></Multimedia>
			<Option code="Common.Countertop.Laminate.MapleDenim">
				<Name lang="en-US"><![CDATA[Maple Denim]]></Name>
				<Description lang="en-US"><![CDATA[Maple Denim]]></Description>
				<Multimedia type="SmallImage" lang="en-US"><![CDATA[CoveringImages/Laminate_Generic_MapleDenim_s.jpg]]></Multimedia>
				<Multimedia type="MediumImage" lang="en-US"><![CDATA[CoveringImages/Laminate_Generic_MapleDenim_s.jpg]]></Multimedia>
				<Multimedia type="LargeImage" lang="en-US"><![CDATA[CoveringImages/Laminate_Generic_MapleDenim_s.jpg]]></Multimedia>
				<AssetCode><![CDATA[CountertopTK_Covering=(MCode)Laminate.Wood.Glossy.None(TopC)255 255 255(Col)255 255 255(Img)Common/Laminate_Generic_MapleDenim.jpg(Ori)0(Size)26000 26000]]></AssetCode>
			</Option>
			<Option code="Common.Countertop.Laminate.White">
				<Name lang="en-US"><![CDATA[White]]></Name>
				<Description lang="en-US"><![CDATA[White]]></Description>
				<Multimedia type="SmallImage" lang="en-US"><![CDATA[CoveringImages/Laminate_Generic_White_s.jpg]]></Multimedia>
				<Multimedia type="MediumImage" lang="en-US"><![CDATA[CoveringImages/Laminate_Generic_White_s.jpg]]></Multimedia>
				<Multimedia type="LargeImage" lang="en-US"><![CDATA[CoveringImages/Laminate_Generic_White_s.jpg]]></Multimedia>
				<AssetCode><![CDATA[CountertopTK_Covering=(MCode)Laminate.Wood.Glossy.None(TopC)255 255 255(Col)255 255 255(Img)Common/Laminate_Generic_White.jpg(Ori)0(Size)26000 26000]]></AssetCode>
			</Option>
			<Option code="Common.Countertop.Laminate.Brown">
				<Name lang="en-US"><![CDATA[Brown]]></Name>
				<Description lang="en-US"><![CDATA[Brown]]></Description>
				<Multimedia type="SmallImage" lang="en-US"><![CDATA[CoveringImages/Laminate_Generic_Brown_s.jpg]]></Multimedia>
				<Multimedia type="MediumImage" lang="en-US"><![CDATA[CoveringImages/Laminate_Generic_Brown_s.jpg]]></Multimedia>
				<Multimedia type="LargeImage" lang="en-US"><![CDATA[CoveringImages/Laminate_Generic_Brown_s.jpg]]></Multimedia>
				<AssetCode><![CDATA[CountertopTK_Covering=(MCode)Laminate.Wood.Glossy.None(TopC)255 255 255(Col)255 255 255(Img)Common/Laminate_Generic_Brown.jpg(Ori)0(Size)26000 26000]]></AssetCode>
			</Option>
			<OptionGroup code="Common.Countertop.Laminate" displayOrder="30">
				<Description lang="en-US"><![CDATA[Laminate Finish]]></Description>
				<Multimedia type="SmallImage" lang="en-US"><![CDATA[CoveringImages/Common_Countertop_Custom_Laminate_s.jpg]]></Multimedia>
				<Multimedia type="MediumImage" lang="en-US"><![CDATA[CoveringImages/Common_Countertop_Custom_Laminate_s.jpg]]></Multimedia>
				<Multimedia type="LargeImage" lang="en-US"><![CDATA[CoveringImages/Common_Countertop_Custom_Laminate_s.jpg]]></Multimedia>
				<OptionRef code="Common.Countertop.Laminate.MapleDenim" displayOrder="40"/>
				<OptionRef code="Common.Countertop.Laminate.White" displayOrder="50"/>
				<OptionRef code="Common.Countertop.Laminate.Brown" displayOrder="60"/>
			</OptionGroup>
			<AssetCode><![CDATA[CountertopTK_Covering]]></AssetCode>
		</Feature>
		<Feature code="Common.CabHandle">
			<Name lang="en-US"><![CDATA[Handle Style]]></Name>
			<Description lang="en-US"><![CDATA[Handle Style]]></Description>
			<Option code="Common.CabHandle.Pull.1" displayOrder="5">
				<Name lang="en-US"><![CDATA[Chrome]]></Name>
				<Description lang="en-US"><![CDATA[Chrome]]></Description>
				<Multimedia type="SmallImage" lang="en-US"><![CDATA[ItemImages/Kitchen/CabHandle/_Generic_Pull_1_s.jpg]]></Multimedia>
				<Multimedia type="MediumImage" lang="en-US"><![CDATA[ItemImages/Kitchen/CabHandle/_Generic_Pull_1_m.jpg]]></Multimedia>
				<Multimedia type="LargeImage" lang="en-US"><![CDATA[ItemImages/Kitchen/CabHandle/_Generic_Pull_1_l.jpg]]></Multimedia>
				<AssetCode><![CDATA[HandleTK_Shape=Kitchen.CabHandle.Handle.B600&MetalTK_Covering=(MCode)Metal.Silver.Polished.Satin(TopC)255 255 255(Col)192 192 192(Img)Common/White.jpg(Ori)0(Size)48000 48000]]></AssetCode>
				<FeatureRef code="Common.Countertop" displayOrder="10" isOptional="true">
					<OptionRef code="Common.Countertop.Laminate.MapleDenim" isDefault="false" defaultValue="11" minValue="5" maxValue="50" incValue="25"/>
				</FeatureRef>
				<FeatureRef code="Kitchen.CabDoorDrawer" displayOrder="11" isOptional="true">
					<OptionRef code="Kitchen.CabDoorDrawer.Style7.GlossyZebrano" isDefault="true" defaultValue="12" minValue="5" maxValue="15" incValue="12"/>
				</FeatureRef>
				<RelatedProductRef code="Kitchen.Cabinet.Base.SampleM.TB15" type="Default">
					<QtyFeatureRef code="Common.Countertop"/>
				</RelatedProductRef>
			</Option>
			<Option code="Common.CabHandle.Pull.2" displayOrder="6">
				<Name lang="en-US"><![CDATA[Dark Grey]]></Name>
				<Description lang="en-US"><![CDATA[Dark Grey]]></Description>
				<Multimedia type="SmallImage" lang="en-US"><![CDATA[ItemImages/Kitchen/CabHandle/_Generic_Pull_2_s.jpg]]></Multimedia>
				<Multimedia type="MediumImage" lang="en-US"><![CDATA[ItemImages/Kitchen/CabHandle/_Generic_Pull_2_m.jpg]]></Multimedia>
				<Multimedia type="LargeImage" lang="en-US"><![CDATA[ItemImages/Kitchen/CabHandle/_Generic_Pull_2_l.jpg]]></Multimedia>
				<AssetCode><![CDATA[HandleTK_Shape=Kitchen.CabHandle.Handle.B600&MetalTK_Covering=(MCode)Metal.Silver.Polished.Satin(TopC)255 255 255(Col)47 79 79(Img)Common/White.jpg(Ori)0(Size)48000 48000]]></AssetCode>
			</Option>
			<AssetCode><![CDATA[HandleTK+MetalTK_Covering]]></AssetCode>
		</Feature>
		<Feature code="Common.Paneling.All">
			<Name lang="en-US"><![CDATA[Paneling Finish]]></Name>
			<Description lang="en-US"><![CDATA[Paneling Finish]]></Description>
			<Option code="Common.Paneling.MatchDoors.Colors.White">
				<Name lang="en-US"><![CDATA[Matte White]]></Name>
				<Description lang="en-US"><![CDATA[Matte White]]></Description>
				<Multimedia type="SmallImage" lang="en-US"><![CDATA[ItemImages/Kitchen/CabDoorDrawer/Finish_White_s.jpg]]></Multimedia>
				<Multimedia type="MediumImage" lang="en-US"><![CDATA[ItemImages/Kitchen/CabDoorDrawer/Finish_White_m.jpg]]></Multimedia>
				<Multimedia type="LargeImage" lang="en-US"><![CDATA[ItemImages/Kitchen/CabDoorDrawer/Finish_White_l.jpg]]></Multimedia>
				<AssetCode><![CDATA[CabPanelTK_Covering=(MCode)Wood.Hard.SandedPolished.SemiGloss(TopC)255 255 255(Col)255 255 255(Img)Common/White.jpg(Ori)0(Size)48000 48000]]></AssetCode>
			</Option>
			<Option code="Common.Paneling.MatchDoors.Colors.Grey">
				<Name lang="en-US"><![CDATA[Matte Grey]]></Name>
				<Description lang="en-US"><![CDATA[Matte Grey]]></Description>
				<Multimedia type="SmallImage" lang="en-US"><![CDATA[ItemImages/Kitchen/CabDoorDrawer/Finish_Grey_s.jpg]]></Multimedia>
				<Multimedia type="MediumImage" lang="en-US"><![CDATA[ItemImages/Kitchen/CabDoorDrawer/Finish_Grey_m.jpg]]></Multimedia>
				<Multimedia type="LargeImage" lang="en-US"><![CDATA[ItemImages/Kitchen/CabDoorDrawer/Finish_Grey_l.jpg]]></Multimedia>
				<AssetCode><![CDATA[CabPanelTK_Covering=(MCode)Wood.Hard.SandedPolished.SemiGloss(TopC)255 255 255(Col)97 97 92(Img)Common/White.jpg(Ori)0(Size)48000 48000]]></AssetCode>
			</Option>
			<Option code="Common.Paneling.MatchDoors.Colors.Black">
				<Name lang="en-US"><![CDATA[Matte Black]]></Name>
				<Description lang="en-US"><![CDATA[Matte Black]]></Description>
				<Multimedia type="SmallImage" lang="en-US"><![CDATA[ItemImages/Kitchen/CabDoorDrawer/Finish_Black_s.jpg]]></Multimedia>
				<Multimedia type="MediumImage" lang="en-US"><![CDATA[ItemImages/Kitchen/CabDoorDrawer/Finish_Black_m.jpg]]></Multimedia>
				<Multimedia type="LargeImage" lang="en-US"><![CDATA[ItemImages/Kitchen/CabDoorDrawer/Finish_Black_l.jpg]]></Multimedia>
				<AssetCode><![CDATA[CabPanelTK_Covering=(MCode)Wood.Hard.SandedPolished.SemiGloss(TopC)255 255 255(Col)45 45 45(Img)Common/White.jpg(Ori)0(Size)48000 48000]]></AssetCode>
			</Option>
			<OptionGroup code="Common.Paneling.MatchDoors.Colors" displayOrder="80">
				<Description lang="en-US"><![CDATA[Cabinet Finish Colors]]></Description>
				<Multimedia type="SmallImage" lang="en-US"><![CDATA[CoveringImages/Common_Paneling_MatchDoorsMod_s.jpg]]></Multimedia>
				<Multimedia type="MediumImage" lang="en-US"><![CDATA[CoveringImages/Common_Paneling_MatchDoorsMod_s.jpg]]></Multimedia>
				<Multimedia type="LargeImage" lang="en-US"><![CDATA[CoveringImages/Common_Paneling_MatchDoorsMod_s.jpg]]></Multimedia>
				<OptionRef code="Common.Paneling.MatchDoors.Colors.White" displayOrder="90"/>
				<OptionRef code="Common.Paneling.MatchDoors.Colors.Grey" displayOrder="100"/>
				<OptionRef code="Common.Paneling.MatchDoors.Colors.Black" displayOrder="110"/>
			</OptionGroup>
			<AssetCode><![CDATA[CabPanelTK_Covering]]></AssetCode>
		</Feature>
		<Feature code="Common.Paneling.Shapes">
			<Name lang="en-US"><![CDATA[Door Shapes]]></Name>
			<Description lang="en-US"><![CDATA[Door Shapes]]></Description>
			<Option code="Common.Paneling.MatchDoors.Shape.Plain">
				<Name lang="en-US"><![CDATA[Plain Door]]></Name>
				<Description lang="en-US"><![CDATA[Plain Door]]></Description>
				<Multimedia type="SmallImage" lang="en-US"><![CDATA[ItemImages/Kitchen/CabDoorDrawer/Preview_Door_B600.jpg]]></Multimedia>
				<Multimedia type="MediumImage" lang="en-US"><![CDATA[ItemImages/Kitchen/CabDoorDrawer/Preview_Door_B600.jpg]]></Multimedia>
				<Multimedia type="LargeImage" lang="en-US"><![CDATA[ItemImages/Kitchen/CabDoorDrawer/Preview_Door_B600.jpg]]></Multimedia>
				<AssetCode><![CDATA[CabDoorDrawerTK_Shape=Kitchen.CabDoorDrawer.Door.B600]]></AssetCode>
			</Option>
			<Option code="Common.Paneling.MatchDoors.Shape.Engraved">
				<Name lang="en-US"><![CDATA[Engraved Door]]></Name>
				<Description lang="en-US"><![CDATA[Engraved Door]]></Description>
				<Multimedia type="SmallImage" lang="en-US"><![CDATA[ItemImages/Kitchen/CabDoorDrawer/Preview_Door_B600_Engraved.jpg]]></Multimedia>
				<Multimedia type="MediumImage" lang="en-US"><![CDATA[ItemImages/Kitchen/CabDoorDrawer/Preview_Door_B600_Engraved.jpg]]></Multimedia>
				<Multimedia type="LargeImage" lang="en-US"><![CDATA[ItemImages/Kitchen/CabDoorDrawer/Preview_Door_B600_Engraved.jpg]]></Multimedia>
				<AssetCode><![CDATA[CabDoorDrawerTK_Shape=Kitchen.CabDoorDrawer.Door.B600.Engraved]]></AssetCode>
			</Option>
			<Option code="Common.Paneling.MatchDoors.Shape.Embossed">
				<Name lang="en-US"><![CDATA[Embossed Door]]></Name>
				<Description lang="en-US"><![CDATA[Embossed Door]]></Description>
				<Multimedia type="SmallImage" lang="en-US"><![CDATA[ItemImages/Kitchen/CabDoorDrawer/Preview_Door_B600_Embossed.jpg]]></Multimedia>
				<Multimedia type="MediumImage" lang="en-US"><![CDATA[ItemImages/Kitchen/CabDoorDrawer/Preview_Door_B600_Embossed.jpg]]></Multimedia>
				<Multimedia type="LargeImage" lang="en-US"><![CDATA[ItemImages/Kitchen/CabDoorDrawer/Preview_Door_B600_Embossed.jpg]]></Multimedia>
				<AssetCode><![CDATA[CabDoorDrawerTK_Shape=Kitchen.CabDoorDrawer.Door.B600.Embossed]]></AssetCode>
			</Option>
			<AssetCode><![CDATA[CabDoorDrawerTK_Shape]]></AssetCode>
		</Feature>
		<Feature code="Kitchen.CabDoorDrawer">
			<Name lang="en-US"><![CDATA[Door Style]]></Name>
			<Description lang="en-US"><![CDATA[Door Style]]></Description>
			<Option code="Kitchen.CabDoorDrawer.Style7.Orange">
				<Name lang="en-US"><![CDATA[Modern - Matte Orange]]></Name>
				<Description lang="en-US"><![CDATA[Modern - Matte Orange]]></Description>
				<Multimedia type="SmallImage" lang="en-US"><![CDATA[ItemImages/Kitchen/CabDoorDrawer/Style7_Orange_s.jpg]]></Multimedia>
				<Multimedia type="MediumImage" lang="en-US"><![CDATA[ItemImages/Kitchen/CabDoorDrawer/Style7_Orange_m.jpg]]></Multimedia>
				<Multimedia type="LargeImage" lang="en-US"><![CDATA[ItemImages/Kitchen/CabDoorDrawer/Style7_Orange_l.jpg]]></Multimedia>
				<AssetCode><![CDATA[FurnitureTK_Covering=(MCode)Wood.Hard.SandedPolished.SemiGloss(TopC)255 255 255(Col)242 146 45(Img)Common/White.jpg(Ori)0(Size)48000 48000]]></AssetCode>
			</Option>
			<Option code="Kitchen.CabDoorDrawer.Style7.GlossyZebrano">
				<Name lang="en-US"><![CDATA[Modern - Matte Zebrano]]></Name>
				<Description lang="en-US"><![CDATA[Modern - Matte Zebrano]]></Description>
				<Multimedia type="SmallImage" lang="en-US"><![CDATA[ItemImages/Kitchen/CabDoorDrawer/Style7_Zebrano_s.jpg]]></Multimedia>
				<Multimedia type="MediumImage" lang="en-US"><![CDATA[ItemImages/Kitchen/CabDoorDrawer/Style7_Zebrano_m.jpg]]></Multimedia>
				<Multimedia type="LargeImage" lang="en-US"><![CDATA[ItemImages/Kitchen/CabDoorDrawer/Style7_Zebrano_l.jpg]]></Multimedia>
				<AssetCode><![CDATA[FurnitureTK_Covering=(MCode)Wood.Hard.SandedPolished.Glazed(TopC)255 255 255(Col)255 255 255(Img)Common/Laminate_Generic_Zebrano.jpg(Ori)0(Size)48000 48000]]></AssetCode>
			</Option>
			<Option code="Kitchen.CabDoorDrawer.Integrated.Yellow">
				<Name lang="en-US"><![CDATA[Integrated - Matte Yellow]]></Name>
				<Description lang="en-US"><![CDATA[Integrated - Matte Yellow]]></Description>
				<Multimedia type="SmallImage" lang="en-US"><![CDATA[ItemImages/Kitchen/CabDoorDrawer/Integrated_Yellow_s.jpg]]></Multimedia>
				<Multimedia type="MediumImage" lang="en-US"><![CDATA[ItemImages/Kitchen/CabDoorDrawer/Integrated_Yellow_m.jpg]]></Multimedia>
				<Multimedia type="LargeImage" lang="en-US"><![CDATA[ItemImages/Kitchen/CabDoorDrawer/Integrated_Yellow_l.jpg]]></Multimedia>
				<AssetCode><![CDATA[FurnitureTK_Covering=(MCode)Wood.Hard.SandedPolished.SemiGloss(TopC)255 255 255(Col)255 245 125(Img)Common/White.jpg(Ori)0(Size)48000 48000]]></AssetCode>
			</Option>
			<AssetCode><![CDATA[FurnitureTK_Covering]]></AssetCode>
		</Feature>
		<FeatureGroup code="FeatureGroup.CabinetStyle.DoorsDrawers">
			<Description lang="en-US"><![CDATA[Doors & Finishes]]></Description>
			<FeatureRef code="Common.CabHandle"/>
			<FeatureRef code="Common.Paneling.All"/>
			<FeatureRef code="Common.Paneling.Shapes"/>
			<FeatureRef code="Kitchen.CabDoorDrawer"/>
		</FeatureGroup>
		<Product code="Kitchen.Cabinet.Base.SampleM.TB15" SKU="2020_08_17" itemType="Kitchen.Cabinet.Base.Standard.Rectangular..FullDoor..ForTray">
			<Name lang="en-US"><![CDATA[My Sample Cabinet]]></Name>
			<Description lang="en-US"><![CDATA[My Sample Cabinet Display Name 1]]></Description>
			<LongDescription lang="en-US"><![CDATA[My Sample Cabinet Description 1]]></LongDescription>
			<Multimedia type="SmallImage" lang="en-US"><![CDATA[ItemImages/Kitchen/Cabinet/100_s.jpg]]></Multimedia>
			<Multimedia type="MediumImage" lang="en-US"><![CDATA[ItemImages/Kitchen/Cabinet/100_m.jpg]]></Multimedia>
			<Multimedia type="LargeImage" lang="en-US"><![CDATA[ItemImages/Kitchen/Cabinet/100_l.jpg]]></Multimedia>
			<Multimedia type="Info" lang="en-US"><![CDATA[http://www.2020spaces.com/2020products/2020idealspaces/]]></Multimedia>
			<Metadata code="Product.HasGraphic" value="true"/>
			<Property code="W">47995.84</Property>
			<Property code="H">75204.32</Property>
			<Property code="D">52486.56</Property>
			<FeatureRef code="Common.Countertop" displayOrder="10" isOptional="true">
				<OptionRef code="Common.Countertop.Laminate.MapleDenim" isDefault="false" defaultValue="11" minValue="5" maxValue="50" incValue="25"/>
			</FeatureRef>
			<FeatureRef code="Kitchen.CabDoorDrawer" displayOrder="11" isOptional="true">
				<OptionRef code="Kitchen.CabDoorDrawer.Style7.Orange" isDefault="true" defaultValue="11" minValue="10" maxValue="15" incValue="12"/>
			</FeatureRef>
			<AssetCode><![CDATA[Kitchen.Cabinet.HiiN.B600&CabinetFrameTK_Shape=Kitchen.CabDoorDrawer.Frame.B600&CabDoorDrawerTK_Shape=Kitchen.CabDoorDrawer.Door.B600&CounterTopTK_Shape=Kitchen.Ctop.CounterTop.B600]]></AssetCode>
			<Tag type="IsAnnotatable"><![CDATA[TRUE]]></Tag>
			<Tag type="ItemListGroup"><![CDATA[Product.Kitchen.Base Cabinets]]></Tag>
			<CustomData><![CDATA[<xml>
  <ItemType>Kitchen.Cabinet.Base.Standard.Rectangular..FullDoor..ForTray</ItemType>
  <Properties>
    <W>47995.84</W>
    <H>75204.32</H>
    <D>52486.56</D>
  </Properties>
</xml>]]></CustomData>
		</Product>
		<ProductGroup code="Kitchen">
			<Description lang="en-US"><![CDATA[Kitchen]]></Description>
		</ProductGroup>
		<ProductGroup code="Kitchen.Cabinet">
			<Description lang="en-US"><![CDATA[Kitchen.Cabinet]]></Description>
			<ParentProductGroupRef code="Kitchen"/>
		</ProductGroup>
		<ProductGroup code="Kitchen.Cabinet.Base">
			<Description lang="en-US"><![CDATA[Kitchen.Cabinet.Base]]></Description>
			<ParentProductGroupRef code="Kitchen.Cabinet"/>
		</ProductGroup>
		<ProductGroup code="Kitchen.Cabinet.Base.Doorline">
			<Description lang="en-US"><![CDATA[Kitchen.Cabinet.Base.Doorline]]></Description>
			<ParentProductGroupRef code="Kitchen.Cabinet.Base"/>
			<ProductRef code="Kitchen.Cabinet.Base.SampleM.TB15" displayOrder="20"/>
		</ProductGroup>
		<UIMenu code="VP_Laundry" displayOrder="20">
			<Description lang="en-US"><![CDATA[Generic Laundry Planner]]></Description>
			<IsActive>true</IsActive>
		</UIMenu>
		<UIMenu code="VP_Laundry.Tab.AddCabinets" displayOrder="30">
			<Description lang="en-US"><![CDATA[Cabinets]]></Description>
			<IsActive>true</IsActive>
			<ParentUIMenuRef code="VP_Laundry"/>
		</UIMenu>
		<UIMenu code="VP_Laundry_Menu_BaseCabinets" displayOrder="40">
			<Description lang="en-US"><![CDATA[Base Cabinets]]></Description>
			<IsActive>true</IsActive>
			<ParentUIMenuRef code="VP_Laundry.Tab.AddCabinets"/>
		</UIMenu>
		<UIMenu code="VP_Laundry_SubMenu_Doorline" displayOrder="50">
			<Description lang="en-US"><![CDATA[Doorline]]></Description>
			<IsActive>true</IsActive>
			<ParentUIMenuRef code="VP_Laundry_Menu_BaseCabinets"/>
			<Command><![CDATA[ShowProducts:Kitchen.Cabinet.Base.Doorline]]></Command>
		</UIMenu>
	</Catalog>
</Content>
